code_muni;RR_anual;li;ls;p;motivo;p_aj;classe_tendencia
2900108;;;;;casos insuficientes;;Não estimável
2900207;;;;;casos insuficientes;;Não estimável
2900306;;;;;casos insuficientes;;Não estimável
2900355;9,66669011868554e-01;7,43580836296499e-01;1,25668781777792e+00;8,00093680962906e-01;;8,97301324444380e-01;Estável
2900405;;;;;casos insuficientes;;Não estimável
2900504;;;;;casos insuficientes;;Não estimável
2900603;;;;;casos insuficientes;;Não estimável
2900702;;;;;casos insuficientes;;Não estimável
2900801;1,03436760370593e+00;8,34842750918839e-01;1,28157828335788e+00;7,57292150713036e-01;;8,74067409897366e-01;Estável
2900900;2,90860427727498e-01;1,63867427683674e-01;5,16269704197299e-01;2,46185466550499e-05;;2,46185466550499e-04;Decrescente
2901007;;;;;casos insuficientes;;Não estimável
2901106;;;;;casos insuficientes;;Não estimável
2901155;;;;;casos insuficientes;;Não estimável
2901205;9,62315375470006e-01;7,00548850614856e-01;1,32189337125199e+00;8,12544690747619e-01;;9,01196168233620e-01;Estável
2901304;;;;;casos insuficientes;;Não estimável
2901353;;;;;casos insuficientes;;Não estimável
2901403;;;;;casos insuficientes;;Não estimável
2901502;;;;;casos insuficientes;;Não estimável
2901601;;;;;casos insuficientes;;Não estimável
2901700;;;;;casos insuficientes;;Não estimável
2901809;;;;;casos insuficientes;;Não estimável
2901908;;;;;casos insuficientes;;Não estimável
2901957;;;;;casos insuficientes;;Não estimável
2902005;1,29947296908146e+00;9,24250525702112e-01;1,82702627741607e+00;1,31849541735033e-01;;2,47217890753187e-01;Estável
2902054;;;;;casos insuficientes;;Não estimável
2902104;1,01595390761721e+00;7,05156565244897e-01;1,46373499627590e+00;9,32297564728469e-01;;9,64445756615658e-01;Estável
2902203;;;;;casos insuficientes;;Não estimável
2902252;5,67902199134282e-01;4,27927878038617e-01;7,53661830259280e-01;8,90424996039594e-05;;7,12339996831675e-04;Decrescente
2902302;;;;;casos insuficientes;;Não estimável
2902401;;;;;casos insuficientes;;Não estimável
2902500;;;;;casos insuficientes;;Não estimável
2902609;;;;;casos insuficientes;;Não estimável
2902658;;;;;casos insuficientes;;Não estimável
2902708;;;;;casos insuficientes;;Não estimável
2902807;1,97317754634771e+00;1,01346057708585e+00;3,84171788961553e+00;4,55762802770656e-02;;1,11615380270365e-01;Estável
2902906;;;;;casos insuficientes;;Não estimável
2903003;;;;;casos insuficientes;;Não estimável
2903102;;;;;casos insuficientes;;Não estimável
2903201;9,93939663231277e-01;7,77634863085207e-01;1,27041121873680e+00;9,61280944818393e-01;;9,84564355405271e-01;Estável
2903235;2,89313444821633e-01;1,74300244059652e-01;4,80218887851434e-01;1,60988971918221e-06;;2,75981094716950e-05;Decrescente
2903276;6,31613646756671e-01;4,09074268458749e-01;9,75216065953777e-01;3,81536473197985e-02;;1,04055401781269e-01;Estável
2903300;;;;;casos insuficientes;;Não estimável
2903409;;;;;casos insuficientes;;Não estimável
2903508;;;;;casos insuficientes;;Não estimável
2903607;1,37517853775364e+00;1,03462603148175e+00;1,82782566178995e+00;2,82041417965628e-02;;8,25487076972569e-02;Estável
2903706;;;;;casos insuficientes;;Não estimável
2903805;;;;;casos insuficientes;;Não estimável
2903904;;;;;casos insuficientes;;Não estimável
2903953;;;;;casos insuficientes;;Não estimável
2904001;;;;;casos insuficientes;;Não estimável
2904050;9,12840826165015e-01;7,67165893568347e-01;1,08617755416338e+00;3,03922821284822e-01;;4,67573571207419e-01;Estável
2904100;;;;;casos insuficientes;;Não estimável
2904209;;;;;casos insuficientes;;Não estimável
2904308;;;;;casos insuficientes;;Não estimável
2904407;;;;;casos insuficientes;;Não estimável
2904506;;;;;casos insuficientes;;Não estimável
2904605;9,10669776636932e-01;7,48200380888451e-01;1,10841889855119e+00;3,50662034907893e-01;;5,13163953523745e-01;Estável
2904704;;;;;casos insuficientes;;Não estimável
2904753;;;;;casos insuficientes;;Não estimável
2904803;;;;;casos insuficientes;;Não estimável
2904852;;;;;casos insuficientes;;Não estimável
2904902;;;;;casos insuficientes;;Não estimável
2905008;8,86430065932361e-01;6,76081334284630e-01;1,16222445723971e+00;3,83078396786121e-01;;5,53848284510055e-01;Estável
2905107;;;;;casos insuficientes;;Não estimável
2905156;;;;;casos insuficientes;;Não estimável
2905206;1,23313366404779e+00;9,22114557493167e-01;1,64905609726175e+00;1,57608420471112e-01;;2,82283738157216e-01;Estável
2905305;;;;;casos insuficientes;;Não estimável
2905404;1,17368308251130e+00;1,01610844518748e+00;1,35569385797111e+00;2,94645140081419e-02;;8,41843257375483e-02;Estável
2905503;;;;;casos insuficientes;;Não estimável
2905602;;;;;casos insuficientes;;Não estimável
2905701;8,97838878738694e-01;8,43417505689785e-01;9,55771781752950e-01;7,30429091702388e-04;;3,98415868201302e-03;Decrescente
2905800;;;;;casos insuficientes;;Não estimável
2905909;;;;;casos insuficientes;;Não estimável
2906006;7,07005498825490e-01;5,15342270952635e-01;9,69951047185534e-01;3,16285533538733e-02;;8,82657302898791e-02;Estável
2906105;;;;;casos insuficientes;;Não estimável
2906204;7,19563611032955e-01;5,90801791783887e-01;8,76388320961940e-01;1,06937803629561e-03;;5,23775660506344e-03;Decrescente
2906303;;;;;casos insuficientes;;Não estimável
2906402;;;;;casos insuficientes;;Não estimável
2906501;;;;;casos insuficientes;;Não estimável
2906600;;;;;casos insuficientes;;Não estimável
2906709;;;;;casos insuficientes;;Não estimável
2906808;;;;;casos insuficientes;;Não estimável
2906824;;;;;casos insuficientes;;Não estimável
2906857;;;;;casos insuficientes;;Não estimável
2906873;;;;;casos insuficientes;;Não estimável
2906899;7,60093910310623e-01;5,99225684256289e-01;9,64148846871178e-01;2,37670685942126e-02;;7,31294418283464e-02;Estável
2906907;;;;;casos insuficientes;;Não estimável
2907004;;;;;casos insuficientes;;Não estimável
2907103;;;;;casos insuficientes;;Não estimável
2907202;;;;;casos insuficientes;;Não estimável
2907301;1,89030096804950e+00;1,14804197546721e+00;3,11246263304502e+00;1,23293392784056e-02;;4,10977975946853e-02;Crescente
2907400;;;;;casos insuficientes;;Não estimável
2907509;;;;;casos insuficientes;;Não estimável
2907558;;;;;casos insuficientes;;Não estimável
2907608;;;;;casos insuficientes;;Não estimável
2907707;;;;;casos insuficientes;;Não estimável
2907806;;;;;casos insuficientes;;Não estimável
2907905;1,29615710634685e+00;9,14585150776153e-01;1,83692381502991e+00;1,44813451190226e-01;;2,63297183982229e-01;Estável
2908002;;;;;casos insuficientes;;Não estimável
2908101;8,39187312878138e-01;6,30781966338377e-01;1,11644812895277e+00;2,28707106455187e-01;;3,92069325351749e-01;Estável
2908200;;;;;casos insuficientes;;Não estimável
2908309;;;;;casos insuficientes;;Não estimável
2908408;6,45103234659362e-01;4,95885889634128e-01;8,39221667861976e-01;1,09119929272155e-03;;5,23775660506344e-03;Decrescente
2908507;;;;;casos insuficientes;;Não estimável
2908606;;;;;casos insuficientes;;Não estimável
2908705;9,06569336066729e-01;6,62177649842812e-01;1,24115931924245e+00;5,40540503800788e-01;;7,07891884627755e-01;Estável
2908804;;;;;casos insuficientes;;Não estimável
2908903;9,99462614291519e-01;7,39973966665570e-01;1,34994683916752e+00;9,97203613776250e-01;;9,97203613776250e-01;Estável
2909000;9,78587830013417e-01;7,36892415514082e-01;1,29955760283173e+00;8,81118938418247e-01;;9,35701527523802e-01;Estável
2909109;;;;;casos insuficientes;;Não estimável
2909208;9,67472767327746e-01;8,66986634491937e-01;1,07960551902777e+00;5,54515309625075e-01;;7,07891884627755e-01;Estável
2909307;;;;;casos insuficientes;;Não estimável
2909406;;;;;casos insuficientes;;Não estimável
2909505;;;;;casos insuficientes;;Não estimável
2909604;;;;;casos insuficientes;;Não estimável
2909703;;;;;casos insuficientes;;Não estimável
2909802;;;;;casos insuficientes;;Não estimável
2909901;;;;;casos insuficientes;;Não estimável
2910008;;;;;casos insuficientes;;Não estimável
2910057;;;;;casos insuficientes;;Não estimável
2910107;4,07036555685718e-11;5,73404959055100e-12;2,88938480646401e-10;1,66137463384193e-126;;9,96824780305157e-125;Decrescente
2910206;;;;;casos insuficientes;;Não estimável
2910305;;;;;casos insuficientes;;Não estimável
2910404;1,35850595088543e+00;9,91763985470369e-01;1,86086452586383e+00;5,63330661568407e-02;;1,35199358776418e-01;Estável
2910503;;;;;casos insuficientes;;Não estimável
2910602;;;;;casos insuficientes;;Não estimável
2910701;;;;;casos insuficientes;;Não estimável
2910727;;;;;casos insuficientes;;Não estimável
2910750;9,38138159100349e-01;7,41702295293215e-01;1,18659900494479e+00;5,94235393664291e-01;;7,42794242080363e-01;Estável
2910776;;;;;casos insuficientes;;Não estimável
2910800;1,09089584725342e+00;9,40487419013251e-01;1,26535849974829e+00;2,50405793511710e-01;;4,11625961937058e-01;Estável
2910859;;;;;casos insuficientes;;Não estimável
2910909;;;;;casos insuficientes;;Não estimável
2911006;;;;;casos insuficientes;;Não estimável
2911105;;;;;casos insuficientes;;Não estimável
2911204;;;;;casos insuficientes;;Não estimável
2911253;;;;;casos insuficientes;;Não estimável
2911303;;;;;casos insuficientes;;Não estimável
2911402;7,24128709662093e-01;5,48642253620806e-01;9,55745542193147e-01;2,26295483298546e-02;;7,14617315679618e-02;Estável
2911501;;;;;casos insuficientes;;Não estimável
2911600;;;;;casos insuficientes;;Não estimável
2911659;;;;;casos insuficientes;;Não estimável
2911709;8,24477758991651e-01;5,51750348008768e-01;1,23201295209893e+00;3,46288836321168e-01;;5,13020498253583e-01;Estável
2911808;;;;;casos insuficientes;;Não estimável
2911857;;;;;casos insuficientes;;Não estimável
2911907;;;;;casos insuficientes;;Não estimável
2912004;;;;;casos insuficientes;;Não estimável
2912103;5,49610138482486e-01;3,44647055367605e-01;8,76465646864572e-01;1,19461602502615e-02;;4,09582637151823e-02;Decrescente
2912202;;;;;casos insuficientes;;Não estimável
2912301;;;;;casos insuficientes;;Não estimável
2912400;;;;;casos insuficientes;;Não estimável
2912509;;;;;casos insuficientes;;Não estimável
2912608;;;;;casos insuficientes;;Não estimável
2912707;;;;;casos insuficientes;;Não estimável
2912806;1,00468759860524e+00;7,87915089536165e-01;1,28109892067861e+00;9,69915756009124e-01;;9,84564355405271e-01;Estável
2912905;;;;;casos insuficientes;;Não estimável
2913002;;;;;casos insuficientes;;Não estimável
2913101;;;;;casos insuficientes;;Não estimável
2913200;;;;;casos insuficientes;;Não estimável
2913309;2,85335223550792e-01;1,60483643109650e-01;5,07317681859657e-01;1,94403634428763e-05;;2,12076692104105e-04;Decrescente
2913408;;;;;casos insuficientes;;Não estimável
2913457;;;;;casos insuficientes;;Não estimável
2913507;;;;;casos insuficientes;;Não estimável
2913606;1,33043438096284e+00;9,28818202720928e-01;1,90570731372693e+00;1,19420249881592e-01;;2,38840499763184e-01;Estável
2913705;;;;;casos insuficientes;;Não estimável
2913804;1,37632528631371e+00;9,53760549160386e-01;1,98610782907101e+00;8,78285667730728e-02;;1,84902245838048e-01;Estável
2913903;;;;;casos insuficientes;;Não estimável
2914000;;;;;casos insuficientes;;Não estimável
2914109;;;;;casos insuficientes;;Não estimável
2914208;;;;;casos insuficientes;;Não estimável
2914307;;;;;casos insuficientes;;Não estimável
2914406;;;;;casos insuficientes;;Não estimável
2914505;9,74740142611619e-01;7,11730344716000e-01;1,33494146016444e+00;8,73309582225255e-01;;9,35688838098487e-01;Estável
2914604;6,87465672271855e-01;5,59042946579522e-01;8,45389524085457e-01;3,82447800537086e-04;;2,41545979286581e-03;Decrescente
2914653;;;;;casos insuficientes;;Não estimável
2914703;;;;;casos insuficientes;;Não estimável
2914802;;;;;casos insuficientes;;Não estimável
2914901;;;;;casos insuficientes;;Não estimável
2915007;;;;;casos insuficientes;;Não estimável
2915106;;;;;casos insuficientes;;Não estimável
2915205;;;;;casos insuficientes;;Não estimável
2915304;;;;;casos insuficientes;;Não estimável
2915353;;;;;casos insuficientes;;Não estimável
2915403;;;;;casos insuficientes;;Não estimável
2915502;;;;;casos insuficientes;;Não estimável
2915601;1,31301856488030e+00;9,27140267562773e-01;1,85950045752229e+00;1,25061822249242e-01;;2,46023256883754e-01;Estável
2915700;;;;;casos insuficientes;;Não estimável
2915809;;;;;casos insuficientes;;Não estimável
2915908;;;;;casos insuficientes;;Não estimável
2916005;1,46003654845461e+00;1,13366931211293e+00;1,88036026030393e+00;3,36918680398668e-03;;1,44393720170858e-02;Crescente
2916104;;;;;casos insuficientes;;Não estimável
2916203;5,91174631434094e-01;4,02842829983463e-01;8,67552848999653e-01;7,23201757435222e-03;;2,62982457249172e-02;Decrescente
2916302;;;;;casos insuficientes;;Não estimável
2916401;9,63867634792343e-01;7,03788693898229e-01;1,32005646787860e+00;8,18586519478872e-01;;9,01196168233620e-01;Estável
2916500;;;;;casos insuficientes;;Não estimável
2916609;;;;;casos insuficientes;;Não estimável
2916708;;;;;casos insuficientes;;Não estimável
2916807;;;;;casos insuficientes;;Não estimável
2916856;1,19153886356009e+00;8,61966434240210e-01;1,64712314421563e+00;2,88774560177587e-01;;4,60855235769251e-01;Estável
2916906;;;;;casos insuficientes;;Não estimável
2917003;;;;;casos insuficientes;;Não estimável
2917102;;;;;casos insuficientes;;Não estimável
2917201;;;;;casos insuficientes;;Não estimável
2917300;;;;;casos insuficientes;;Não estimável
2917334;;;;;casos insuficientes;;Não estimável
2917359;;;;;casos insuficientes;;Não estimável
2917409;1,01375079432705e+00;8,26670210265426e-01;1,24316887222627e+00;8,95610177914669e-01;;9,37312939687049e-01;Estável
2917508;9,50563766226139e-01;7,27212025721165e-01;1,24251448230104e+00;7,10630167089915e-01;;8,52756200507898e-01;Estável
2917607;1,02647839064225e+00;8,05670518539788e-01;1,30780246044644e+00;8,32519078335865e-01;;9,08202630911853e-01;Estável
2917706;;;;;casos insuficientes;;Não estimável
2917805;;;;;casos insuficientes;;Não estimável
2917904;1,51123650731242e+00;8,77000246340366e-01;2,60414497095533e+00;1,36949602245825e-01;;2,52830034915370e-01;Estável
2918001;9,50055869071803e-01;7,54193620179273e-01;1,19678306764678e+00;6,63598352724249e-01;;8,12569411499080e-01;Estável
2918100;;;;;casos insuficientes;;Não estimável
2918209;4,60856166166906e+10;6,49196588866456e+09;3,27155763810935e+11;3,90790935316391e-133;;4,68949122379669e-131;Crescente
2918308;;;;;casos insuficientes;;Não estimável
2918357;7,26904473034483e-01;5,33583914790583e-01;9,90266194821330e-01;4,31793094230067e-02;;1,11524976888937e-01;Estável
2918407;8,36465742965567e-01;6,69281863893588e-01;1,04541147295481e+00;1,16507816046821e-01;;2,36965049586754e-01;Estável
2918456;1,25089633087721e+00;8,89529000531591e-01;1,75906758483082e+00;1,98104859204836e-01;;3,44530189921453e-01;Estável
2918506;;;;;casos insuficientes;;Não estimável
2918555;;;;;casos insuficientes;;Não estimável
2918605;;;;;casos insuficientes;;Não estimável
2918704;;;;;casos insuficientes;;Não estimável
2918753;;;;;casos insuficientes;;Não estimável
2918803;1,45574579660785e+00;1,14148849282731e+00;1,85651965627133e+00;2,47395057042534e-03;;1,09953358685571e-02;Crescente
2918902;;;;;casos insuficientes;;Não estimável
2919009;;;;;casos insuficientes;;Não estimável
2919058;;;;;casos insuficientes;;Não estimável
2919108;;;;;casos insuficientes;;Não estimável
2919157;;;;;casos insuficientes;;Não estimável
2919207;;;;;casos insuficientes;;Não estimável
2919306;;;;;casos insuficientes;;Não estimável
2919405;;;;;casos insuficientes;;Não estimável
2919504;;;;;casos insuficientes;;Não estimável
2919553;3,85323108837361e-01;1,39397951524270e-01;1,06510817828079e+00;6,60074391346266e-02;;1,51768513356091e-01;Estável
2919603;;;;;casos insuficientes;;Não estimável
2919702;;;;;casos insuficientes;;Não estimável
2919801;;;;;casos insuficientes;;Não estimável
2919900;;;;;casos insuficientes;;Não estimável
2919926;9,45289813926695e-01;6,23631120044737e-01;1,43285478160465e+00;7,90911781409117e-01;;8,95371828010321e-01;Estável
2919959;;;;;casos insuficientes;;Não estimável
2920007;;;;;casos insuficientes;;Não estimável
2920106;;;;;casos insuficientes;;Não estimável
2920205;;;;;casos insuficientes;;Não estimável
2920304;;;;;casos insuficientes;;Não estimável
2920403;;;;;casos insuficientes;;Não estimável
2920452;;;;;casos insuficientes;;Não estimável
2920502;;;;;casos insuficientes;;Não estimável
2920601;9,95349394197083e-01;7,31268459159830e-01;1,35479713929787e+00;9,76359652443561e-01;;9,84564355405271e-01;Estável
2920700;;;;;casos insuficientes;;Não estimável
2920809;;;;;casos insuficientes;;Não estimável
2920908;;;;;casos insuficientes;;Não estimável
2921005;3,96846188840003e+00;2,23130053859367e+00;7,05807643895854e+00;2,70668720486912e-06;;4,06003080730368e-05;Crescente
2921054;;;;;casos insuficientes;;Não estimável
2921104;;;;;casos insuficientes;;Não estimável
2921203;2,48544217365890e+00;1,34402017468202e+00;4,59622773152479e+00;3,70128084162660e-03;;1,53156448619032e-02;Crescente
2921302;;;;;casos insuficientes;;Não estimável
2921401;2,67852442644427e+00;1,60553109857694e+00;4,46861048622336e+00;1,61269275315523e-04;;1,13837135516840e-03;Crescente
2921450;1,06106087142349e+00;7,54501813225529e-01;1,49217689491417e+00;7,33333506891333e-01;;8,62745302225098e-01;Estável
2921500;;;;;casos insuficientes;;Não estimável
2921609;;;;;casos insuficientes;;Não estimável
2921708;;;;;casos insuficientes;;Não estimável
2921807;8,46297426594790e-01;6,06884873145859e-01;1,18015684020654e+00;3,25298613981199e-01;;4,94124476933466e-01;Estável
2921906;;;;;casos insuficientes;;Não estimável
2922003;1,07532709343097e+00;8,48851587596102e-01;1,36222677175093e+00;5,47253819848930e-01;;7,07891884627755e-01;Estável
2922052;1,05558966640918e+00;7,93451525615433e-01;1,40433222176436e+00;7,10307225252221e-01;;8,52756200507898e-01;Estável
2922102;;;;;casos insuficientes;;Não estimável
2922201;;;;;casos insuficientes;;Não estimável
2922250;;;;;casos insuficientes;;Não estimável
2922300;;;;;casos insuficientes;;Não estimável
2922409;1,20467102978418e+00;9,74731356437944e-01;1,48885360096002e+00;8,48656024548187e-02;;1,81854862403183e-01;Estável
2922508;;;;;casos insuficientes;;Não estimável
2922607;;;;;casos insuficientes;;Não estimável
2922656;;;;;casos insuficientes;;Não estimável
2922706;;;;;casos insuficientes;;Não estimável
2922730;;;;;casos insuficientes;;Não estimável
2922755;;;;;casos insuficientes;;Não estimável
2922805;;;;;casos insuficientes;;Não estimável
2922854;;;;;casos insuficientes;;Não estimável
2922904;6,88210351520122e-01;4,59527531352733e-01;1,03069665172224e+00;6,97941255984607e-02;;1,55098056885468e-01;Estável
2923001;;;;;casos insuficientes;;Não estimável
2923035;;;;;casos insuficientes;;Não estimável
2923050;;;;;casos insuficientes;;Não estimável
2923100;;;;;casos insuficientes;;Não estimável
2923209;;;;;casos insuficientes;;Não estimável
2923308;;;;;casos insuficientes;;Não estimável
2923357;;;;;casos insuficientes;;Não estimável
2923407;;;;;casos insuficientes;;Não estimável
2923506;;;;;casos insuficientes;;Não estimável
2923605;;;;;casos insuficientes;;Não estimável
2923704;;;;;casos insuficientes;;Não estimável
2923803;9,45362121636884e-01;8,01523864810440e-01;1,11501301491148e+00;5,04639062456407e-01;;6,72852083275210e-01;Estável
2923902;;;;;casos insuficientes;;Não estimável
2924009;9,07852832089670e-01;6,61866065484010e-01;1,24526215757944e+00;5,48792780407084e-01;;7,07891884627755e-01;Estável
2924058;;;;;casos insuficientes;;Não estimável
2924108;;;;;casos insuficientes;;Não estimável
2924207;;;;;casos insuficientes;;Não estimável
2924306;;;;;casos insuficientes;;Não estimável
2924405;;;;;casos insuficientes;;Não estimável
2924504;;;;;casos insuficientes;;Não estimável
2924603;;;;;casos insuficientes;;Não estimável
2924652;;;;;casos insuficientes;;Não estimável
2924678;;;;;casos insuficientes;;Não estimável
2924702;6,58402936908680e-01;5,22167877738451e-01;8,30182103900133e-01;4,10232423687525e-04;;2,46139454212515e-03;Decrescente
2924801;;;;;casos insuficientes;;Não estimável
2924900;;;;;casos insuficientes;;Não estimável
2925006;9,02130323975309e-01;6,70604057465728e-01;1,21359110845730e+00;4,96089224586824e-01;;6,68884347757516e-01;Estável
2925105;;;;;casos insuficientes;;Não estimável
2925204;;;;;casos insuficientes;;Não estimável
2925253;;;;;casos insuficientes;;Não estimável
2925303;1,02083263296859e+00;7,44204934121030e-01;1,40028534715965e+00;8,98258233866755e-01;;9,37312939687049e-01;Estável
2925402;;;;;casos insuficientes;;Não estimável
2925501;;;;;casos insuficientes;;Não estimável
2925600;;;;;casos insuficientes;;Não estimável
2925709;;;;;casos insuficientes;;Não estimável
2925758;8,07196330498523e-01;7,74013570615206e-01;8,41801669513882e-01;1,51435968994592e-23;;6,05743875978369e-22;Decrescente
2925808;;;;;casos insuficientes;;Não estimável
2925907;2,17665369884775e+00;1,45737977717286e+00;3,25091743340805e+00;1,44589351329057e-04;;1,08442013496793e-03;Crescente
2925931;;;;;casos insuficientes;;Não estimável
2925956;6,20274351060393e-01;4,66529054549862e-01;8,24686623118499e-01;1,01524261406943e-03;;5,23775660506344e-03;Decrescente
2926004;;;;;casos insuficientes;;Não estimável
2926103;;;;;casos insuficientes;;Não estimável
2926202;;;;;casos insuficientes;;Não estimável
2926301;;;;;casos insuficientes;;Não estimável
2926400;;;;;casos insuficientes;;Não estimável
2926509;;;;;casos insuficientes;;Não estimável
2926608;9,52015599719864e-01;8,32362702955421e-01;1,08886870938823e+00;4,73022850242793e-01;;6,45031159421990e-01;Estável
2926657;;;;;casos insuficientes;;Não estimável
2926707;;;;;casos insuficientes;;Não estimável
2926806;;;;;casos insuficientes;;Não estimável
2926905;;;;;casos insuficientes;;Não estimável
2927002;1,39328208377469e+00;1,00944576984817e+00;1,92307008751894e+00;4,36806159481670e-02;;1,11524976888937e-01;Estável
2927101;;;;;casos insuficientes;;Não estimável
2927200;;;;;casos insuficientes;;Não estimável
2927309;;;;;casos insuficientes;;Não estimável
2927408;9,32327475001790e-01;8,08255393606448e-01;1,07544536976694e+00;3,36198965005646e-01;;5,04298447508470e-01;Estável
2927507;;;;;casos insuficientes;;Não estimável
2927606;;;;;casos insuficientes;;Não estimável
2927705;;;;;casos insuficientes;;Não estimável
2927804;;;;;casos insuficientes;;Não estimável
2927903;;;;;casos insuficientes;;Não estimável
2928000;;;;;casos insuficientes;;Não estimável
2928059;2,16095442868707e-01;4,83909443714665e-02;9,64999568310918e-01;4,47892534407337e-02;;1,11615380270365e-01;Estável
2928109;;;;;casos insuficientes;;Não estimável
2928208;;;;;casos insuficientes;;Não estimável
2928307;;;;;casos insuficientes;;Não estimável
2928406;;;;;casos insuficientes;;Não estimável
2928505;;;;;casos insuficientes;;Não estimável
2928604;;;;;casos insuficientes;;Não estimável
2928703;6,27866728875444e-01;5,09028985847615e-01;7,74448293101259e-01;1,37651733353642e-05;;1,83535644471522e-04;Decrescente
2928802;;;;;casos insuficientes;;Não estimável
2928901;6,98829922838707e-01;3,86728491097345e-01;1,26280652265629e+00;2,35214680435979e-01;;3,92188105877098e-01;Estável
2928950;;;;;casos insuficientes;;Não estimável
2929008;;;;;casos insuficientes;;Não estimável
2929057;;;;;casos insuficientes;;Não estimável
2929107;1,77865490621169e+00;1,34613953452927e+00;2,35013770433329e+00;5,10115131173923e-05;;4,70875505699006e-04;Crescente
2929206;;;;;casos insuficientes;;Não estimável
2929255;1,21423642856623e+00;8,66965982621819e-01;1,70060894430780e+00;2,58732667941936e-01;;4,19566488554491e-01;Estável
2929305;1,20301625297979e+00;9,87115624347515e-01;1,46613838261367e+00;6,70310933989402e-02;;1,51768513356091e-01;Estável
2929354;;;;;casos insuficientes;;Não estimável
2929370;;;;;casos insuficientes;;Não estimável
2929404;;;;;casos insuficientes;;Não estimável
2929503;4,83905266458902e-01;3,48112308105752e-01;6,72668852706940e-01;1,56418315140803e-05;;1,87701978168964e-04;Decrescente
2929602;1,35256799974978e+00;9,14378292921551e-01;2,00074762066129e+00;1,30568384056059e-01;;2,47217890753187e-01;Estável
2929701;;;;;casos insuficientes;;Não estimável
2929750;;;;;casos insuficientes;;Não estimável
2929800;;;;;casos insuficientes;;Não estimável
2929909;;;;;casos insuficientes;;Não estimável
2930006;;;;;casos insuficientes;;Não estimável
2930105;7,03997672148488e-01;4,86247178523506e-01;1,01926087035697e+00;6,30382982166098e-02;;1,48325407568494e-01;Estável
2930154;;;;;casos insuficientes;;Não estimável
2930204;;;;;casos insuficientes;;Não estimável
2930303;;;;;casos insuficientes;;Não estimável
2930402;;;;;casos insuficientes;;Não estimável
2930501;;;;;casos insuficientes;;Não estimável
2930600;;;;;casos insuficientes;;Não estimável
2930709;5,94706865748408e-01;4,14330091239676e-01;8,53609872046935e-01;4,82713524749767e-03;;1,86856848290232e-02;Decrescente
2930758;;;;;casos insuficientes;;Não estimável
2930766;5,97650640175363e-01;3,81245259845800e-01;9,36893714682487e-01;2,48225441366590e-02;;7,44676324099770e-02;Estável
2930774;;;;;casos insuficientes;;Não estimável
2930808;1,33520117514073e+00;1,06885811508549e+00;1,66791284356259e+00;1,08785773089606e-02;;3,83949787375079e-02;Crescente
2930907;;;;;casos insuficientes;;Não estimável
2931004;;;;;casos insuficientes;;Não estimável
2931053;;;;;casos insuficientes;;Não estimável
2931103;;;;;casos insuficientes;;Não estimável
2931202;;;;;casos insuficientes;;Não estimável
2931301;;;;;casos insuficientes;;Não estimável
2931350;9,47468165216218e-01;7,03034197340303e-01;1,27688799135849e+00;7,23001907494979e-01;;8,59012167320767e-01;Estável
2931400;;;;;casos insuficientes;;Não estimável
2931509;9,14733723825501e-01;6,64076242460755e-01;1,26000259006874e+00;5,85436146941880e-01;;7,39498290873953e-01;Estável
2931608;;;;;casos insuficientes;;Não estimável
2931707;;;;;casos insuficientes;;Não estimável
2931806;9,81390671647158e-01;8,08957643683136e-01;1,19057858951798e+00;8,48884599378569e-01;;9,17713080409264e-01;Estável
2931905;;;;;casos insuficientes;;Não estimável
2932002;;;;;casos insuficientes;;Não estimável
2932101;1,40588916968408e+00;1,01490041520095e+00;1,94750571369472e+00;4,04699690356591e-02;;1,07919917428424e-01;Estável
2932200;;;;;casos insuficientes;;Não estimável
2932309;;;;;casos insuficientes;;Não estimável
2932408;;;;;casos insuficientes;;Não estimável
2932457;;;;;casos insuficientes;;Não estimável
2932507;;;;;casos insuficientes;;Não estimável
2932606;;;;;casos insuficientes;;Não estimável
2932705;;;;;casos insuficientes;;Não estimável
2932804;1,22580745892502e+00;7,31185607962236e-01;2,05502393645831e+00;4,39924955760594e-01;;6,06793042428406e-01;Estável
2932903;;;;;casos insuficientes;;Não estimável
2933000;;;;;casos insuficientes;;Não estimável
2933059;;;;;casos insuficientes;;Não estimável
2933109;;;;;casos insuficientes;;Não estimável
2933158;;;;;casos insuficientes;;Não estimável
2933174;;;;;casos insuficientes;;Não estimável
2933208;;;;;casos insuficientes;;Não estimável
2933257;;;;;casos insuficientes;;Não estimável
2933307;1,07081676874573e+00;8,18894712906312e-01;1,40023929102865e+00;6,17092594456753e-01;;7,63413518915571e-01;Estável
2933406;;;;;casos insuficientes;;Não estimável
2933455;;;;;casos insuficientes;;Não estimável
2933505;;;;;casos insuficientes;;Não estimável
2933604;;;;;casos insuficientes;;Não estimável
3106655;;;;;casos insuficientes;;Não estimável
3107307;;;;;casos insuficientes;;Não estimável
3108255;1,12694761746185e+00;8,57111912781705e-01;1,48173291441160e+00;3,92090970087546e-01;;5,60129957267922e-01;Estável
3108503;;;;;casos insuficientes;;Não estimável
3108602;;;;;casos insuficientes;;Não estimável
3109402;;;;;casos insuficientes;;Não estimável
3111150;;;;;casos insuficientes;;Não estimável
3112703;;;;;casos insuficientes;;Não estimável
3115474;;;;;casos insuficientes;;Não estimável
3116159;1,25701186155926e+00;9,78525411915838e-01;1,61475501899034e+00;7,34418064501937e-02;;1,60236668618604e-01;Estável
3116506;;;;;casos insuficientes;;Não estimável
3117836;1,31339597717317e+00;1,07708236492851e+00;1,60155717800575e+00;7,06693290757972e-03;;2,62982457249172e-02;Crescente
3118809;1,35648348945420e+00;1,11461397498021e+00;1,65083831574471e+00;2,34322525145232e-03;;1,08148857759338e-02;Crescente
3120300;;;;;casos insuficientes;;Não estimável
3120870;;;;;casos insuficientes;;Não estimável
3123809;;;;;casos insuficientes;;Não estimável
3124302;;;;;casos insuficientes;;Não estimável
3126604;;;;;casos insuficientes;;Não estimável
3126703;;;;;casos insuficientes;;Não estimável
3127073;;;;;casos insuficientes;;Não estimável
3127339;;;;;casos insuficientes;;Não estimável
3127354;;;;;casos insuficientes;;Não estimável
3127800;;;;;casos insuficientes;;Não estimável
3128253;;;;;casos insuficientes;;Não estimável
3129608;;;;;casos insuficientes;;Não estimável
3129657;;;;;casos insuficientes;;Não estimável
3130051;;;;;casos insuficientes;;Não estimável
3130655;;;;;casos insuficientes;;Não estimável
3132008;;;;;casos insuficientes;;Não estimável
3132107;;;;;casos insuficientes;;Não estimável
3135050;;;;;casos insuficientes;;Não estimável
3135100;1,32188758023972e+00;1,05469712218652e+00;1,65676641950959e+00;1,54270351825941e-02;;5,00336276192241e-02;Estável
3135209;3,17849328126207e+00;2,10357053640761e+00;4,80270062932202e+00;3,99716976285397e-08;;9,59320743084953e-07;Crescente
3135357;1,18187188893380e+00;8,66212501036954e-01;1,61256176767225e+00;2,91874982653859e-01;;4,60855235769251e-01;Estável
3135605;;;;;casos insuficientes;;Não estimável
3136405;;;;;casos insuficientes;;Não estimável
3136579;;;;;casos insuficientes;;Não estimável
3136801;;;;;casos insuficientes;;Não estimável
3136959;;;;;casos insuficientes;;Não estimável
3137304;;;;;casos insuficientes;;Não estimável
3138104;;;;;casos insuficientes;;Não estimável
3138658;;;;;casos insuficientes;;Não estimável
3138682;1,05266571390968e+00;9,25630808921984e-01;1,19713507216932e+00;4,34091045136443e-01;;6,05708435074107e-01;Estável
3139250;;;;;casos insuficientes;;Não estimável
3139300;;;;;casos insuficientes;;Não estimável
3140852;;;;;casos insuficientes;;Não estimável
3141009;;;;;casos insuficientes;;Não estimável
3142007;6,49360554701775e-01;5,07133455881407e-01;8,31475669988541e-01;6,19019785090261e-04;;3,53725591480149e-03;Decrescente
3142254;1,10441890070101e+00;9,37343259052690e-01;1,30127474267893e+00;2,35312863526259e-01;;3,92188105877098e-01;Estável
3142700;;;;;casos insuficientes;;Não estimável
3142908;;;;;casos insuficientes;;Não estimável
3143302;1,65872420993200e+00;1,36472665415114e+00;2,01605647273439e+00;3,69803733049885e-07;;7,39607466099770e-06;Crescente
3143450;;;;;casos insuficientes;;Não estimável
3144656;;;;;casos insuficientes;;Não estimável
3145059;;;;;casos insuficientes;;Não estimável
3145372;;;;;casos insuficientes;;Não estimável
3145455;;;;;casos insuficientes;;Não estimável
3146255;;;;;casos insuficientes;;Não estimável
3146552;;;;;casos insuficientes;;Não estimável
3147956;7,19267640934448e-01;4,88913582122013e-01;1,05815415691663e+00;9,43309532824919e-02;;1,95167489549983e-01;Estável
3149150;7,40945703815567e-01;4,73085244940217e-01;1,16046852417078e+00;1,90257561699717e-01;;3,35748638293619e-01;Estável
3150570;;;;;casos insuficientes;;Não estimável
3151206;5,51980846598645e-01;4,12635078028976e-01;7,38383310665511e-01;6,25252155727362e-05;;5,35930419194881e-04;Decrescente
3152131;;;;;casos insuficientes;;Não estimável
3152204;;;;;casos insuficientes;;Não estimável
3154507;;;;;casos insuficientes;;Não estimável
3155603;;;;;casos insuficientes;;Não estimável
3156502;1,04850370064107e+00;7,68793925789372e-01;1,42998009398843e+00;7,64808983660195e-01;;8,74067409897366e-01;Estável
3157005;8,87946801642624e-01;6,65886435960196e-01;1,18406004382780e+00;4,18306146996421e-01;;5,90549854583182e-01;Estável
3157377;;;;;casos insuficientes;;Não estimável
3157609;;;;;casos insuficientes;;Não estimável
3160454;;;;;casos insuficientes;;Não estimável
3161106;9,66215170975849e-01;7,74474987466949e-01;1,20542531615810e+00;7,60727358568708e-01;;8,74067409897366e-01;Estável
3162252;1,30237046080642e+00;9,26488781176423e-01;1,83074943986629e+00;1,28381678031002e-01;;2,47217890753187e-01;Estável
3162401;1,97240736223456e+00;1,36700866829583e+00;2,84591524020621e+00;2,82081306815120e-04;;1,88054204543413e-03;Crescente
3162450;;;;;casos insuficientes;;Não estimável
3162658;;;;;casos insuficientes;;Não estimável
3162708;;;;;casos insuficientes;;Não estimável
3164209;;;;;casos insuficientes;;Não estimável
3166956;;;;;casos insuficientes;;Não estimável
3168002;1,13107532445552e+00;8,97474219804207e-01;1,42547982032425e+00;2,96709882480918e-01;;4,62405011658573e-01;Estável
3170008;5,78873762860435e-01;4,80335018705751e-01;6,97627323177692e-01;9,35812074484959e-09;;2,80743622345488e-07;Decrescente
3170651;;;;;casos insuficientes;;Não estimável
3170800;;;;;casos insuficientes;;Não estimável
3170909;2,13878455940980e+00;1,26705917230188e+00;3,61024922242536e+00;4,42599177494863e-03;;1,77039670997945e-02;Crescente
3171030;;;;;casos insuficientes;;Não estimável
