code_muni;name_muni;uf;regiao;casos_sinan;pessoa_ano;inc_sinan_bruta;inc_sinan_ebg;inc_sinan_ebl;examinados;positivos;posit_bruta;posit_ebl;rme_sinan;rme_pce
3170008;Ubaí;MG;Norte de Minas;276;97770,7361902721;282,2930569560968479;277,47685861072488933;281,10935877600303456;0;0;;;99,8457270688823257;
2902005;Aracatu;BA;Bahia;248;109343,9175775272;226,8073117319603966;223,34957297768636408;225,79239858952385589;0;0;;;80,2206798445565994;
3142007;Mirabela;MG;Norte de Minas;116;110006,7094412737;105,4481136552182221;103,87328162902844042;102,77206718584713485;0;0;;;37,2965020446281699;
3117836;Cônego Marinho;MG;Norte de Minas;62;60070,9287660293;103,2113224709480050;100,42575949018525705;99,46386647013524396;0;0;;;36,5053595188328615;
2932101;Ubaíra;BA;Bahia;132;155368,0991951663;84,9595255935954299;84,06308829207685562;84,16836709464698174;0;0;;;30,0497847725639673;
3135209;Januária;MG;Norte de Minas;393;536651,4063532156;73,2318960404127921;73,00768455738267448;72,95640352549773411;0;0;;;25,9017773360433345;
3108255;Bonito de Minas;MG;Norte de Minas;58;86755,5049171206;66,8545472191172934;65,61374310712952251;66,25727552091669281;0;0;;;23,6461390405072223;
3138682;Luislândia;MG;Norte de Minas;31;51963,2176545403;59,6575835740059404;57,84240116969493073;59,40423274561897671;0;0;;;21,1006068351359382;
2925758;Presidente Tancredo Neves;BA;Bahia;130;226510,1583232541;57,3925694822375903;56,98265981982918760;56,95333620859997126;0;0;;;20,2994819996461047;
2918456;Jucuruçu;BA;Bahia;42;75569,4345688482;55,5780260096236631;54,40778939494504129;53,77260703938537034;0;0;;;19,6576865043023759;
2924702;Piripá;BA;Bahia;41;79140,3559096668;51,8066914518284634;50,76810717282690177;49,81450584564483819;0;0;;;18,3237832018147593;
2903235;Barro Alto;BA;Bahia;49;114924,0834427279;42,6368421066581789;42,05167567061764800;40,53508911102230883;0;0;;;15,0804505996847862;
2918209;Jiquiriçá;BA;Bahia;36;113789,7760345890;31,6372887394180005;31,20964755786975076;31,50982284696877755;0;0;;;11,1899602871445349;
3142254;Miravânia;MG;Norte de Minas;11;35577,9788643763;30,9180013905009190;29,62655635606920868;29,77771433592141292;0;0;;;10,9355517335000734;
2912806;Ibirapuã;BA;Bahia;22;71175,6853184759;30,9094319240635258;30,24889736330055356;28,85090625206251858;0;0;;;10,9325207535097757;
2910404;Encruzilhada;BA;Bahia;43;144370,8148283052;29,7844131801419145;29,46803879511456259;28,78149488557613367;0;0;;;10,5346069129634099;
2925006;Planalto;BA;Bahia;57;200442,3990338817;28,4370972781886451;28,21990115827145473;27,73788170625252647;0;0;;;10,0580676127321862;
2909000;Cordeiros;BA;Bahia;18;65218,7309856044;27,5994330585382244;26,96489721141920981;26,49605679162034022;0;0;;;9,7617897164479999;
3147956;Patis;MG;Norte de Minas;11;43321,9825772883;25,3912663862405701;24,53228138623027021;24,14159115326896554;0;0;;;8,9807715459617086;
3149150;Pedras de Maria da Cruz;MG;Norte de Minas;15;90263,5891521568;16,6179964046350896;16,36093525367394008;17,21847283928046934;0;0;;;5,8777072002408932;
2908101;Cocos;BA;Bahia;20;153479,1541495877;13,0310856290666646;12,91836015750014788;13,89551188953686633;0;0;;;4,6090337224743587;
3170909;Varzelândia;MG;Norte de Minas;21;153540,0810468157;13,6772104435694022;13,55739400561611596;13,55149727927106085;0;0;;;4,8375650316638215;
2931806;Tremedal;BA;Bahia;17;131312,3174842106;12,9462340819962556;12,81581826451682637;12,87095036418801719;0;0;;;4,5790221291977939;
2905404;Cairu;BA;Bahia;18;146126,8743373126;12,3180626983436490;12,20800007912696294;12,16099531758522545;0;0;;;4,3568408640935132;
3116159;Chapada Gaúcha;MG;Norte de Minas;12;105896,4431559464;11,3318253591656717;11,19632875302927388;12,12997777387670517;0;0;;;4,0080133539361533;
3135357;Japonvar;MG;Norte de Minas;8;65608,1976678150;12,1935981849483195;11,95506915701187012;12,08814753175819590;0;0;;;4,3128183508647719;
2907301;Castro Alves;BA;Bahia;26;205901,6299346935;12,6273891120951784;12,54646021311769211;11,88275609794525067;0;0;;;4,4662481623659414;
2906204;Canarana;BA;Bahia;23;203785,3841963973;11,2863835111127724;11,21580922662513125;11,18810977122650918;0;0;;;3,9919407859207765;
2906899;Caraíbas;BA;Bahia;8;76075,7325937466;10,5158369525285309;10,34638231005259712;10,72038626465784006;0;0;;;3,7194020908077974;
2930808;Souto Soares;BA;Bahia;14;137865,2325599307;10,1548445101371918;10,06483862039312349;10,03737911191349852;0;0;;;3,5917207611088502;
2902252;Arataca;BA;Bahia;10;85376,1044445618;11,7128792242956035;11,53795530143081116;10,02966320235388054;0;0;;;4,1427903145406892;
3118809;Coração de Jesus;MG;Norte de Minas;20;209852,0932803715;9,5305220392913270;9,47620058758057304;9,53772164449892479;0;0;;;3,3709008383689820;
2921203;Miguel Calmon;BA;Bahia;21;204074,8472801192;10,2903421366645826;10,22816541647377520;9,23951062013662572;0;0;;;3,6396456345811701;
2921450;Mirante;BA;Bahia;7;75785,6370904142;9,2365786826451330;9,09478998700661201;9,17174114397188056;0;0;;;3,2669344550725929;
2918902;Lajedão;BA;Bahia;3;31596,8652594949;9,4946127578225425;9,15145534063598021;8,98673801633322533;0;0;;;3,3581998943378664;
2928059;Santa Luzia;BA;Bahia;11;106904,4540750607;10,2895619225337267;10,17177428778040671;8,94938789439197713;0;0;;;3,6393696765111949;
2929305;São Gonçalo dos Campos;BA;Bahia;30;315232,3694476138;9,5167891712927286;9,48060310817301577;8,47832765886140294;0;0;;;3,3660435875217738;
2922052;Mulungu do Morro;BA;Bahia;8;96956,4110201353;8,2511304985686955;8,15688687566896142;8,43021854303532514;0;0;;;2,9183860653645031;
2905206;Caetité;BA;Bahia;36;418691,6258691369;8,5982135241586821;8,57467872730376257;8,26581598544604645;0;0;;;3,0411476997347355;
2910107;Dom Basílio;BA;Bahia;8;97491,6333553357;8,2058323618825284;8,11288003413149106;8,06163335735086584;0;0;;;2,9023643273838928;
3162252;São João da Lagoa;MG;Norte de Minas;5;39311,5808252448;12,7188983374312379;12,30552615967101815;8,04246755874350150;0;0;;;4,4986145451445649;
3143302;Montes Claros;MG;Norte de Minas;269;3355433,6803059899;8,0168474668070111;8,01419717341149074;8,01811144391709973;0;0;;;2,8355212584918861;
2916203;Itapé;BA;Bahia;8;76741,3035772453;10,4246339677400250;10,25860992573089625;7,82664877105013534;0;0;;;3,6871440238710789;
3136801;Juramento;MG;Norte de Minas;2;32523,4271719235;6,1494134348994418;5,98305589543130356;7,09069153671056718;0;0;;;2,1750186209864100;
3156502;Rubelita;MG;Norte de Minas;6;45936,2455946385;13,0615811595632376;12,69334840641282902;7,01892128065109500;0;0;;;4,6198198482388859;
2904050;Bonito;BA;Bahia;11;132062,1624464386;8,3294107836991884;8,25889538711095916;6,93251690616902305;0;0;;;2,9460734341871415;
2906006;Campo Formoso;BA;Bahia;42;579856,3558954054;7,2431731709044103;7,23015502742941774;6,89716462852399559;0;0;;;2,5618762973941909;
2923803;Paripiranga;BA;Bahia;19;225684,6892886634;8,4188254240401434;8,37666777884596669;6,61134451818700253;0;0;;;2,9776989721005078;
2900900;Almadina;BA;Bahia;5;42782,2183186966;11,6870985107728949;11,34572431260919956;6,52440297357731946;0;0;;;4,1336717973735109;
3136959;Juvenília;MG;Norte de Minas;3;46391,5818249812;6,4666904683654103;6,33698328486139495;6,28384672053428073;0;0;;;2,2872380160726826;
3127354;Glaucilândia;MG;Norte de Minas;0;24496,3323571373;0,0000000000000000;0,18493726841224598;6,11038805979178523;0;0;;;0,0000000000000000;
2913309;Ichu;BA;Bahia;5;50186,4958541603;9,9628394349941694;9,72712508450295132;6,09863615044041563;0;0;;;3,5238094687260837;
2903102;Barra do Rocha;BA;Bahia;4;46102,0505385194;8,6764036594378844;8,46668064535382214;5,90285600355351114;0;0;;;3,0688031829788045;
2922904;Nova Soure;BA;Bahia;14;204060,7162057768;6,8607031575260473;6,82709739509915092;5,88453758536441640;0;0;;;2,4265984518120840;
2917904;Jandaíra;BA;Bahia;7;80605,1697295776;8,6843065072430328;8,56232133194512635;5,83405555529966779;0;0;;;3,0715983830929265;
3116506;Claro dos Poções;MG;Norte de Minas;1;59000,3501024285;1,6949051967724502;1,72688195363442554;5,55645075918975184;0;0;;;0,5994799996476408;
2929503;São Sebastião do Passé;BA;Bahia;21;346221,3393690812;6,0654840161696217;6,04952751248236886;5,50568837579266201;0;0;;;2,1453331801686044;
3130655;Indaiabira;MG;Norte de Minas;4;54796,4786050721;7,2997391471607296;7,16404947725048213;5,33350637680978412;0;0;;;2,5818834172559861;
2916856;Itatim;BA;Bahia;8;122664,8307472544;6,5218367410326863;6,47090986307032168;5,15166289050879467;0;0;;;2,3067429934496477;
3129608;Ibiaí;MG;Norte de Minas;3;58642,9795852937;5,1157018644262893;5,05069831420909487;5,10781544163361723;0;0;;;1,8093996984159555;
2900355;Adustina;BA;Bahia;6;125800,4165910702;4,7694595634796197;4,74334636864377401;5,07119113619854645;0;0;;;1,6869354243994692;
2917409;Jacaraci;BA;Bahia;7;118294,6572878758;5,9174270085293550;5,87328039438008886;4,94002863982639351;0;0;;;2,0929661126435097;
2921807;Mortugaba;BA;Bahia;5;93608,6926332652;5,3413842874493671;5,29616570222765848;4,93578431284146379;0;0;;;1,8892225104127474;
3157005;Salinas;MG;Norte de Minas;17;330896,9595261760;5,1375509839506979;5,12564246509785004;4,85580972795839116;0;0;;;1,8171276292699854;
2922409;Mutuípe;BA;Bahia;8;170560,4664841648;4,6904186913341599;4,67187677986440431;4,80309178027118833;0;0;;;1,6589790395254713;
2929602;Sapeaçu;BA;Bahia;7;143126,1470759276;4,8907904970616860;4,86636474168826982;4,77426424525843007;0;0;;;1,7298496051805139;
3157377;Santa Cruz de Salinas;MG;Norte de Minas;1;32199,9632032908;3,1055936110442532;3,09152456111397766;4,73392194281001455;0;0;;;1,0984338595455216;
3168002;Taiobeiras;MG;Norte de Minas;14;272733,3233655964;5,1332194494008103;5,11881422127005692;4,68137514005731603;0;0;;;1,8155955858640267;
2915403;Itaju do Colônia;BA;Bahia;3;50971,7047656911;5,8856183323483675;5,78609582743571860;4,47829146130561107;0;0;;;2,0817155334240454;
2911253;Gavião;BA;Bahia;3;35575,0004518753;8,4328881571155705;8,17515535590473874;4,44726201529964005;0;0;;;2,9826728946745593;
3138658;Lontra;MG;Norte de Minas;3;73748,5539363119;4,0678763716380830;4,03969084058378147;4,42851004743666721;0;0;;;1,4387887478780563;
2902807;Barra da Estiva;BA;Bahia;12;190144,7066941733;6,3109829395885688;6,27985206690382203;4,39599056596066173;0;0;;;2,2321649951898466;
2905008;Caculé;BA;Bahia;8;184764,6378904398;4,3298328572720584;4,31601851198136366;4,39424570673060266;0;0;;;1,5314415252809421;
3112703;Capitão Enéas;MG;Norte de Minas;1;118253,7471564498;0,8456391649703913;0,87395932517850916;4,30283644619697991;0;0;;;0,2990985969503409;
3161106;São Francisco;MG;Norte de Minas;18;440307,4027744441;4,0880530026475270;4,08316284103203220;4,25940237933983390;0;0;;;1,4459251274074039;
2929107;São Felipe;BA;Bahia;10;167028,0531604325;5,9870182348320125;5,95491423379835449;4,25132636510280371;0;0;;;2,1175802022096040;
2903607;Biritinga;BA;Bahia;7;125656,2796904440;5,5707522276201367;5,53382359852555883;4,17981779335254355;0;0;;;1,9703488724975371;
2912103;Ibicaraí;BA;Bahia;7;174090,8686558467;4,0208886623674802;4,00924848199219053;4,05633143117293393;0;0;;;1,4221694160177112;
2909208;Coronel João Sá;BA;Bahia;7;132531,4192305809;5,2817664223615193;5,25041972911119004;4,04256678107205758;0;0;;;1,8681359518194329;
3170651;Vargem Grande do Rio Pardo;MG;Norte de Minas;2;38828,7639897756;5,1508206661603824;5,05256361368102525;4,04200011308545992;0;0;;;1,8218210534812833;
3137304;Lagoa dos Patos;MG;Norte de Minas;0;29503,9702938947;0,0000000000000000;0,15527216175317965;4,01324793565220883;0;0;;;0,0000000000000000;
3111150;Campo Azul;MG;Norte de Minas;1;30360,7424073505;3,2937270985767979;3,26879519250793127;4,00432376544791246;0;0;;;1,1649757895923980;
3126703;Francisco Sá;MG;Norte de Minas;1;199980,8781026164;0,5000478093144830;0,51983027523856651;3,99184829032732313;0;0;;;0,1768645592228338;
2933257;Vereda;BA;Bahia;2;49138,4203765432;4,0701349059945038;4,02823291424309016;3,97012800377573383;0;0;;;1,4395875808616174;
3120870;Curral de Dentro;MG;Norte de Minas;1;61266,1656892741;1,6322222694198578;1,66475500119932174;3,92700718543677896;0;0;;;0,5773093429414120;
3162401;São João da Ponte;MG;Norte de Minas;5;197025,9039169834;2,5377373739174640;2,54023529764461653;3,91027923039036995;0;0;;;0,8975857782009571;
2908705;Condeúba;BA;Bahia;5;138358,0624782235;3,6138118086085247;3,60418481270263280;3,76451421265295094;0;0;;;1,2781882466799290;
2903003;Barra do Mendes;BA;Bahia;4;111371,2014466006;3,5915927529235532;3,58000522506482977;3,75109930819285564;0;0;;;1,2703294711451310;
2910206;Dom Macedo Costa;BA;Bahia;2;34344,5893741813;5,8233335627052503;5,68088190250736780;3,73547016847771518;0;0;;;2,0596857032277538;
2901205;Anagé;BA;Bahia;7;188001,6817848543;3,7233709472932652;3,71527297837149595;3,70313160421251419;0;0;;;1,3169387989498693;
2914208;Irajuba;BA;Bahia;2;53842,5201335164;3,7145363832162501;3,68715605880780783;3,61836839556395340;0;0;;;1,3138140551707709;
2914604;Irecê;BA;Bahia;22;601080,9018458052;3,6600730338365732;3,65770441558789861;3,53134182036992339;0;0;;;1,2945506245499245;
3130051;Icaraí de Minas;MG;Norte de Minas;3;91462,8604771416;3,2800198729294716;3,27168956766636576;3,50631126439188767;0;0;;;1,1601276083242793;
2921401;Mirangaba;BA;Bahia;5;137653,9068176250;3,6322979242604458;3,62239487495885015;3,48104260540797394;0;0;;;1,2847266988751336;
2931509;Teofilândia;BA;Bahia;7;176469,0360714149;3,9667015561682923;3,95573812420030624;3,45576776385346474;0;0;;;1,4030036913110704;
2909505;Cravolândia;BA;Bahia;1;39285,2255767378;2,5454862109590017;2,55727051426665586;3,41338273737216102;0;0;;;0,9003265054320591;
2918803;Laje;BA;Bahia;6;181560,5142160370;3,3046833040253789;3,30021744185155264;3,35701179877561540;0;0;;;1,1688509479499050;
2929370;São José do Jacuípe;BA;Bahia;4;83618,8588225684;4,7836098893523928;4,74430424582133270;3,35341995344059418;0;0;;;1,6919403281341312;
2921302;Milagres;BA;Bahia;3;88882,0361300638;3,3752602107472072;3,36489023090090189;3,34248702345480364;0;0;;;1,1938136680461684;
3145372;Novorizonte;MG;Norte de Minas;2;39657,4054169171;5,0431942760098938;4,95136535503609210;3,33732690388646525;0;0;;;1,7837541052812571;
2903276;Barrocas;BA;Bahia;6;126350,6441042382;4,7486896822227918;4,72296674115962478;3,33544544655452935;0;0;;;1,6795892150467366;
2930766;Sítio do Quinto;BA;Bahia;6;97565,5290689401;6,1497129747130082;6,09233739199983404;3,33294080761405986;0;0;;;2,1751245668102079;
2920908;Mascote;BA;Bahia;4;110233,0663341678;3,6286752541874638;3,61640199755801239;3,31730495109195589;0;0;;;1,2834453775019912;
2930105;Senhor do Bonfim;BA;Bahia;20;623658,9511215901;3,2068809345287104;3,20584027639691671;3,20515341264839959;0;0;;;1,1342587096683481;
2924504;Pindaí;BA;Bahia;4;125026,0588135684;3,1993330334155128;3,19430023854164924;3,15858857743053401;0;0;;;1,1315890525304171;
2907905;Cipó;BA;Bahia;5;139622,3816273349;3,5810877466232207;3,57194382772363772;3,15320879882641369;0;0;;;1,2666138998050855;
2918357;João Dourado;BA;Bahia;7;203027,0920541728;3,4478157221166437;3,44261951504178354;3,08660059087205196;0;0;;;1,2194762113040518;
2901957;Apuarema;BA;Bahia;4;57406,7799052872;6,9678180984883973;6,84774489727500679;3,04348428455909303;0;0;;;2,4644845028387992;
2905156;Caetanos;BA;Bahia;3;104925,3986927185;2,8591742679822580;2,85866169045897500;3,03073079922326638;0;0;;;1,0112764964238075;
2912202;Ibicoara;BA;Bahia;4;164227,6788229842;2,4356430223381982;2,43968947928913993;3,00346064387110046;0;0;;;0,8614754860351697;
2924678;Piraí do Norte;BA;Bahia;4;85199,1895242468;4,6948803413929685;4,65803969101857085;2,99387083768563178;0;0;;;1,6605571041752085;
2932804;Utinga;BA;Bahia;5;142957,7002338816;3,4975380772213764;3,48959509923692623;2,98970241606547615;0;0;;;1,2370627745392264;
2928703;Santo Antônio de Jesus;BA;Bahia;25;835929,5534547125;2,9906826354781351;2,99034820861916062;2,97803634654373450;0;0;;;1,0577903877318382;
2925956;Rafael Jambeiro;BA;Bahia;5;170298,5287840515;2,9360206665908963;2,93493694975790298;2,90898892138082488;0;0;;;1,0384567063249599;
3135605;Jequitaí;MG;Norte de Minas;2;55797,9888751449;3,5843585769287358;3,56178989708830729;2,90695916612421934;0;0;;;1,2677707771066196;
2933158;Várzea Nova;BA;Bahia;3;105349,9713078316;2,8476514637427175;2,84732544047684799;2,86717649503824523;0;0;;;1,0072009347377535;
2922607;Nilo Peçanha;BA;Bahia;3;105265,2129648928;2,8499443600617944;2,84958133187507512;2,83707866313977375;0;0;;;1,0080119213859566;
2919926;Madre de Deus;BA;Bahia;9;160752,5300429800;5,5986677146503974;5,56942184896186632;2,80352389225754273;0;0;;;1,9802224490178828;
2929255;São Gabriel;BA;Bahia;6;151106,5395119281;3,9707083620470116;3,95788046397898619;2,77501719536616998;0;0;;;1,4044208797127211;
2914307;Iramaia;BA;Bahia;2;77255,9126543957;2,5887986191387040;2,59397643854857440;2,74935731487031276;0;0;;;0,9156459005756642;
2901155;América Dourada;BA;Bahia;3;126017,3811321376;2,3806239846028072;2,38661941311162096;2,72065473534817404;0;0;;;0,8420155110554285;
2930006;Sebastião Laranjeiras;BA;Bahia;3;83918,1762952826;3,5749108625095842;3,55994247753833593;2,71908403275141186;0;0;;;1,2644291649341810;
2903508;Belo Campo;BA;Bahia;4;143902,3505628366;2,7796627256990871;2,78022351482500651;2,71523593898812310;0;0;;;0,9831536377349164;
2907608;Central;BA;Bahia;2;135731,6096537817;1,4734961186281617;1,49038322385049860;2,65304981390925088;0;0;;;0,5211686496437135;
2911006;Floresta Azul;BA;Bahia;2;87619,8700765899;2,2825872695905254;2,29304114240840384;2,65075127294195045;0;0;;;0,8073403858667546;
2911402;Glória;BA;Bahia;5;124408,6236977208;4,0190139970912648;4,00281401639949408;2,64678411653182755;0;0;;;1,4215063557230911;
2909109;Coribe;BA;Bahia;3;113833,0258347745;2,6354390371335801;2,63828574534944815;2,64380092988688409;0;0;;;0,9321423971445443;
2914505;Irará;BA;Bahia;8;232294,6627713401;3,4439017687956195;3,43938412827252726;2,63522231866936885;0;0;;;1,2180918644155196;
3142700;Montalvânia;MG;Norte de Minas;2;115654,9114100692;1,7292823760062774;1,74532168755327777;2,62312021294087661;0;0;;;0,6116390463212987;
2903201;Barreiras;BA;Bahia;36;1291822,0317303585;2,7867615751822283;2,78681529569909836;2,62159512985612908;0;0;;;0,9856644674224742;
2910750;Fátima;BA;Bahia;5;144160,7347340384;3,4683508024736991;3,46081637156361577;2,60533598311644488;0;0;;;1,2267393726824307;
2907400;Catolândia;BA;Bahia;2;28407,4324675303;7,0404109990792056;6,80060757805090610;2,58981410888456809;0;0;;;2,4901602704884995;
2913804;Ipecaetá;BA;Bahia;5;113369,3655335392;4,4103625141315614;4,38677837049508934;2,58784898256681428;0;0;;;1,5599244863089039;
3132008;Itacambira;MG;Norte de Minas;1;38604,4950393302;2,5903719216666388;2,60044650781436815;2,48110172268629725;0;0;;;0,9162023702830482;
2922201;Muniz Ferreira;BA;Bahia;1;59129,4063455149;1,6912058852014025;1,72321905694954158;2,47445929537280529;0;0;;;0,5981715705369558;
2905305;Cafarnaum;BA;Bahia;1;145203,1879990044;0,6886901133374955;0,71364699347905380;2,40035645890224281;0;0;;;0,2435864552702316;
2914109;Ipupiara;BA;Bahia;2;80273,6891310301;2,4914763749494750;2,49849875633231822;2,36430484417411124;0;0;;;0,8812234803580811;
2921005;Mata de São João;BA;Bahia;9;363420,7199450829;2,4764685957806711;2,47811588391783522;2,32628466895208907;0;0;;;0,8759152994238559;
2931707;Terra Nova;BA;Bahia;2;95765,8568147443;2,0884269890352778;2,10142217695716127;2,31277507167113638;0;0;;;0,7386668074621965;
2919108;Lamarão;BA;Bahia;2;69787,8522752581;2,8658282706732057;2,86490425317095765;2,29735456070390542;0;0;;;1,0136299858923752;
2924900;Planaltino;BA;Bahia;3;70031,1732192451;4,2838065708366226;4,24900062567540449;2,29611339813528792;0;0;;;1,5151622441573493;
3141009;Mato Verde;MG;Norte de Minas;3;98369,5880635322;3,0497230486138087;3,04591270500359457;2,21151112638269609;0;0;;;1,0786727042845097;
2919306;Lençóis;BA;Bahia;3;89917,2133069508;3,3364023301732972;3,32687655727312404;2,17868891482755123;0;0;;;1,1800698183741545;
3107307;Bocaiúva;MG;Norte de Minas;1;397038,1507583203;0,2518649651400141;0,26293834163069113;2,15976885500216298;0;0;;;0,0890834540485863;
2922854;Nova Redenção;BA;Bahia;2;67020,5260904768;2,9841604008002363;2,98024757149641184;2,14509324690102243;0;0;;;1,0554835039899899;
2901304;Andaraí;BA;Bahia;2;106009,5889894419;1,8866217849398426;1,90159307039838987;2,14035948960624012;0;0;;;0,6672892555434236;
2915007;Itaeté;BA;Bahia;4;119043,8779123954;3,3601055931188721;3,35254088554645735;2,13946892425129809;0;0;;;1,1884535510391556;
3151206;Pirapora;MG;Norte de Minas;12;453549,2095070902;2,6457989008604823;2,64648239089149451;2,11067004377016998;0;0;;;0,9358066322387428;
2901106;Amélia Rodrigues;BA;Bahia;4;198677,4271910475;2,0133137702420587;2,02027790386364581;2,07853836200641862;0;0;;;0,7120996151133624;
2928901;São Desidério;BA;Bahia;7;272349,3646365459;2,5702281366955271;2,57183627774761492;2,06484914242989159;0;0;;;0,9090776082430357;
2920601;Maragogipe;BA;Bahia;7;325587,6165268907;2,1499589187913299;2,15350695484896404;2,05747338404110902;0;0;;;0,7604303617298451;
2931608;Teolândia;BA;Bahia;2;122773,7432930327;1,6290128054713284;1,64551585375875820;2,05133426302610200;0;0;;;0,5761741706318354;
2919405;Licínio de Almeida;BA;Bahia;1;97787,5454156969;1,0226251162650406;1,05372075649724772;2,04827240232534713;0;0;;;0,3616976958390548;
2916005;Itanhém;BA;Bahia;5;149759,1274809734;3,3386946652952698;3,33290624496492782;2,03896691671674768;0;0;;;1,1808806065295800;
3127073;Fruta de Leite;MG;Norte de Minas;0;39759,9567752465;0,0000000000000000;0,11687576565046023;2,03736017153683724;0;0;;;0,0000000000000000;
2917201;Ituaçu;BA;Bahia;3;149090,1978177261;2,0122047216462366;2,02147139341815629;2,01190846988896155;0;0;;;0,7117073498391165;
3139300;Manga;MG;Norte de Minas;3;149536,4011304658;2,0062004818362555;2,01550787650720808;2,01181111223237563;0;0;;;0,7095836784467425;
2901403;Angical;BA;Bahia;1;111875,2181234294;0,8938530058522185;0,92303573484982393;1,99968972121969601;0;0;;;0,3161516057970237;
2911857;Heliópolis;BA;Bahia;4;103163,7347441920;3,8773315156905892;3,86016609202718231;1,98563360577907311;0;0;;;1,3713939281596532;
2933174;Varzedo;BA;Bahia;1;75891,6851876123;1,3176674065517113;1,35101827284565545;1,98064493513797024;0;0;;;0,4660527667975389;
2925600;Presidente Dutra;BA;Bahia;2;122447,8036119519;1,6333490197490026;1,64983551400047768;1,97851026850467870;0;0;;;0,5777078692355109;
2906709;Cândido Sales;BA;Bahia;4;204524,8269559762;1,9557527853872709;1,96299797850456481;1,97413025241007856;0;0;;;0,6917405653882357;
2919553;Luís Eduardo Magalhães;BA;Bahia;12;810258,1771745482;1,4810094286052389;1,48385211694887764;1,95902489888833409;0;0;;;0,5238260720594261;
2902104;Araci;BA;Bahia;8;416271,4296590074;1,9218229813545633;1,92553702009146810;1,95279271090378237;0;0;;;0,6797397532199178;
2917607;Jaguaquara;BA;Bahia;8;406340,6027457911;1,9687916850890836;1,97239876821564120;1,94326286012235294;0;0;;;0,6963523629115032;
2908903;Coração de Maria;BA;Bahia;7;201031,8405180339;3,4820354735657171;3,47649875685935594;1,93305993583277758;0;0;;;1,2315795765103752;
2902302;Aratuípe;BA;Bahia;1;70801,6914875861;1,4123956348914823;1,44584779351409187;1,92758895703557598;0;0;;;0,4995576958047108;
3109402;Buritizeiro;MG;Norte de Minas;4;208223,8699191937;1,9210093451592731;1,92841061701781591;1,92211386979669441;0;0;;;0,6794519739228841;
3162450;São João das Missões;MG;Norte de Minas;2;105551,6478358495;1,8948069888120891;1,90971136161222099;1,91466769114434698;0;0;;;0,6701843236710063;
2923605;Paramirim;BA;Bahia;3;169659,3827889314;1,7682487998510623;1,77884386258945715;1,91236349754826152;0;0;;;0,6254212872379142;
2924801;Piritiba;BA;Bahia;3;170221,4775654463;1,7624097986381113;1,77302844844493124;1,90408878899408918;0;0;;;0,6233560599604546;
2908200;Conceição da Feira;BA;Bahia;3;175642,6120217874;1,7080137703872615;1,71883368749109611;1,89234846327590311;0;0;;;0,6041164405063700;
2924108;Pedrão;BA;Bahia;0;54854,3596513797;0,0000000000000000;0,08568952126091881;1,89168364086378138;0;0;;;0,0000000000000000;
2911808;Guaratinga;BA;Bahia;3;160319,2383730324;1,8712663747937537;1,88138213650019903;1,88742715689705198;0;0;;;0,6618581191668900;
2918605;Jussiape;BA;Bahia;0;54357,2909982168;0,0000000000000000;0,08644914715539960;1,88641745004056838;0;0;;;0,0000000000000000;
2927002;Rio Real;BA;Bahia;6;308887,2628411794;1,9424562686111861;1,94734046637342484;1,88523065916773058;0;0;;;0,6870376499169626;
2925907;Quijingue;BA;Bahia;6;214440,7126598623;2,7979761518126325;2,79820868010026347;1,88521582285167444;0;0;;;0,9896310104522823;
2922003;Mucuri;BA;Bahia;6;325022,8127272427;1,8460242681596524;1,85117327268261267;1,87525213147986447;0;0;;;0,6529301047239983;
2924652;Pintadas;BA;Bahia;3;83790,1944399940;3,5803712117513213;3,56527093479322854;1,87523767778288120;0;0;;;1,2663604647896216;
2918555;Jussari;BA;Bahia;1;47176,8880786434;2,1196819899036381;2,14449595901166434;1,86803447830209235;0;0;;;0,7497215543266414;
2915304;Itagimirim;BA;Bahia;2;53169,9706796656;3,7615217282128066;3,73233815359903653;1,86248616604580697;0;0;;;1,3304325507985013;
2923357;Ourolândia;BA;Bahia;3;148974,9871409613;2,0137608719250135;2,02301692330866389;1,86072794128328778;0;0;;;0,7122577528766135;
3155603;Rio Pardo de Minas;MG;Norte de Minas;2;239099,8378924813;0,8364706633131898;0,85064440028706190;1,85533262748765937;0;0;;;0,2958557410191095;
2908408;Conceição do Coité;BA;Bahia;10;547500,5995545560;1,8264820181267301;1,82960625273224209;1,83114552226654737;0;0;;;0,6460181027635586;
2904605;Brumado;BA;Bahia;10;560299,2770470618;1,7847604681381837;1,78794083127337111;1,79693608892303014;0;0;;;0,6312613866828830;
2918704;Lafaiete Coutinho;BA;Bahia;2;31508,3575924919;6,3475222220931649;6,16585836187305425;1,77947447022628613;0;0;;;2,2450887676254330;
2922706;Nova Canaã;BA;Bahia;2;121461,0774468070;1,6466180294472397;1,66305190046553530;1,77052095814435972;0;0;;;0,5824010555826713;
2932408;Uibaí;BA;Bahia;2;110408,1627352248;1,8114602674770506;1,82699353734713710;1,76801469201259742;0;0;;;0,6407049801822335;
2920403;Manoel Vitorino;BA;Bahia;2;109185,8196919398;1,8317396944427962;1,84713065776048158;1,76247965169127818;0;0;;;0,6478777181580390;
2901601;Antas;BA;Bahia;1;136400,2542194357;0,7331364635077855;0,75913227003816675;1,72979274747581413;0;0;;;0,2593069203647766;
3150570;Pintópolis;MG;Norte de Minas;1;58761,1226061875;1,7018054721349063;1,73371309837373855;1,72259638884980348;0;0;;;0,6019205946022913;
2918753;Lagoa Real;BA;Bahia;2;120384,8029168234;1,6613392650414893;1,67771128461011543;1,71173215351129904;0;0;;;0,5876078874017364;
2913101;Ibititá;BA;Bahia;2;137622,8854785312;1,4532466697277573;1,47015372116990806;1,70916776632797429;0;0;;;0,5140065147686801;
2908606;Conde;BA;Bahia;3;200313,8368406759;1,4976499114168118;1,50893375162097532;1,70686392295723577;0;0;;;0,5297117325960831;
2933059;Várzea da Roça;BA;Bahia;2;112857,4570346626;1,7721469653402939;1,78793646388166083;1,67389301682025171;0;0;;;0,6268000500445661;
2927507;Santa Bárbara;BA;Bahia;4;169135,0173432009;2,3649744818267799;2,36961387580624772;1,66578994355860344;0;0;;;0,8364803554983365;
2926608;Ribeira do Pombal;BA;Bahia;7;436391,4126693450;1,6040645614866669;1,60885155188538098;1,66369454327291688;0;0;;;0,5673500940264805;
2921906;Mucugê;BA;Bahia;1;85809,8454110283;1,1653674414748219;1,19792238232192116;1,65608938182923038;0;0;;;0,4121849851750091;
3108602;Brasília de Minas;MG;Norte de Minas;4;260576,3143906807;1,5350589363248195;1,54350573661597656;1,62575722460305006;0;0;;;0,5429431288307373;
2926202;Riachão das Neves;BA;Bahia;0;177619,8627384249;0,0000000000000000;0,02702972088885314;1,60922454734247644;0;0;;;0,0000000000000000;
2930709;Simões Filho;BA;Bahia;20;1012995,2667146152;1,9743428875896687;1,97578405946886138;1,59830041212308083;0;0;;;0,6983157971374598;
2912608;Ibiquera;BA;Bahia;0;31355,5852721503;0,0000000000000000;0,14657837199087234;1,59340536865983640;0;0;;;0,0000000000000000;
2919157;Lapão;BA;Bahia;1;215097,4485526538;0,4649055610509530;0,48358664806789997;1,58753551583345387;0;0;;;0,1644349112302761;
2914406;Iraquara;BA;Bahia;1;199150,0192473706;0,5021340212665850;0,52198050871846713;1,58609098529281067;0;0;;;0,1776024425821465;
2921708;Morro do Chapéu;BA;Bahia;4;280154,3467379833;1,4277843790662412;1,43629698713619547;1,58100723457207226;0;0;;;0,5050006222704679;
2920809;Marcionílio Souza;BA;Bahia;1;79212,2329504439;1,2624312719799369;1,29558391597885025;1,57171689913042956;0;0;;;0,4465160056874308;
2917508;Jacobina;BA;Bahia;10;663026,1589040415;1,5082361179428638;1,51163820478974653;1,56416465020537898;0;0;;;0,5334560240742096;
3138104;Lassance;MG;Norte de Minas;2;55151,0546959260;3,6264039029297832;3,60231080893104805;1,56068491725071357;0;0;;;1,2826420112407115;
2923308;Ouriçangas;BA;Bahia;0;65672,7058204586;0,0000000000000000;0,07193291770013013;1,55762586155977689;0;0;;;0,0000000000000000;
2921609;Morpará;BA;Bahia;2;66595,1419314591;3,0032220699498402;2,99880644989716139;1,55661071673148776;0;0;;;1,0622255267514094;
3106655;Berizal;MG;Norte de Minas;0;35982,8296733886;0,0000000000000000;0,12858627065934650;1,54901067886053556;0;0;;;0,0000000000000000;
3170800;Várzea da Palma;MG;Norte de Minas;2;295696,5714237960;0,6763690192178708;0,68876846123650626;1,51648374777100936;0;0;;;0,2392285422066829;
2916302;Itapebi;BA;Bahia;2;78428,0684444792;2,5501074292245778;2,55603723802483884;1,50728065842346792;0;0;;;0,9019610086063339;
2900801;Alcobaça;BA;Bahia;5;190550,3553179859;2,6239783135833665;2,62579133003571163;1,48611510610052466;0;0;;;0,9280887931064382;
2901353;Andorinha;BA;Bahia;2;119438,6658650342;1,6744996149404430;1,69081325318484388;1,48311389888786094;0;0;;;0,5922626412887450;
2922730;Nova Fátima;BA;Bahia;1;63893,1412361383;1,5651132197494695;1,59809704142248599;1,48230460158491306;0;0;;;0,5535731875804115;
2926103;Retirolândia;BA;Bahia;3;113642,7872905934;2,6398507741003989;2,64263660783374643;1,47858400751956709;0;0;;;0,9337028077683067;
2925931;Quixabeira;BA;Bahia;1;74608,3745776096;1,3403321083744750;1,37373461282378151;1,47829234254598973;0;0;;;0,4740691652761073;
2928307;Santanópolis;BA;Bahia;1;71458,1716266658;1,3994200764392828;1,43287614028390098;1,46406979316991315;0;0;;;0,4949683017836381;
2902054;Araçás;BA;Bahia;2;95970,8902973602;2,0839652459231299;2,09701146660368476;1,45571061687819658;0;0;;;0,7370887098999306;
2920304;Malhada de Pedras;BA;Bahia;1;68951,7074781423;1,4502904084238950;1,48369892300533657;1,44867639565263495;0;0;;;0,5129608990441119;
3164209;São Romão;MG;Norte de Minas;1;91581,3213791199;1,0919257168831316;1,12381637132645396;1,44557956870515358;0;0;;;0,3862089924668697;
2918506;Jussara;BA;Bahia;2;128063,2798439132;1,5617279226626479;1,57844722999281872;1,44464780393684999;0;0;;;0,5523758239164853;
2926509;Ribeira do Amparo;BA;Bahia;1;115750,8760132812;0,8639243472207164;0,89258104914223790;1,41604715268563708;0;0;;;0,3055659799460718;
3115474;Catuti;MG;Norte de Minas;0;39006,8858955344;0,0000000000000000;0,11903717938091461;1,37658731999493478;0;0;;;0,0000000000000000;
3135100;Janaúba;MG;Norte de Minas;8;576818,4232878158;1,3869182531308002;1,39118681474694439;1,37650654572697362;0;0;;;0,4905464656556731;
2933000;Valente;BA;Bahia;1;213875,0511498603;0,4675627169338743;0,48632859494635339;1,35775169686228558;0;0;;;0,1653747347736759;
2928950;São Domingos;BA;Bahia;1;70624,4588565933;1,4159400527663555;1,44939016482639937;1,34651449587296357;0;0;;;0,5008113397432781;
2930600;Serrolândia;BA;Bahia;1;108289,7358048082;0,9234485545356722;0,95312120071908057;1,31860817218457727;0;0;;;0,3266194122254387;
2931103;Tanquinho;BA;Bahia;1;63230,8732312352;1,5815059145917565;1,61439333305563726;1,30933188031316372;0;0;;;0,5593712066772858;
2924207;Pedro Alexandre;BA;Bahia;1;124121,0124645838;0,8056653584624410;0,83320968593232836;1,30185011616074497;0;0;;;0,2849600495218867;
2905602;Camacan;BA;Bahia;2;218472,3272354727;0,9154477481463227;0,93033435107066609;1,30181328071688807;0;0;;;0,3237895646206277;
2907806;Cícero Dantas;BA;Bahia;4;258130,1690305800;1,5496057725535097;1,55803610813031734;1,29099521780415416;0;0;;;0,5480882764141276;
2900306;Acajutiba;BA;Bahia;3;116902,4254737904;2,5662427343499412;2,57001594208955320;1,28660423842055516;0;0;;;0,9076679901704279;
2903953;Bom Jesus da Serra;BA;Bahia;1;79066,8762899725;1,2647521274681035;1,29791516841716748;1,28653480028581768;0;0;;;0,4473368813622930;
2908002;Coaraci;BA;Bahia;2;137178,2220366549;1,4579573712987677;1,47486040171318122;1,28631490458052378;0;0;;;0,5156726677673888;
2919702;Macarani;BA;Bahia;2;164366,8764255099;1,2167901729922987;1,23341567379321360;1,28261385834628339;0;0;;;0,4303729635531983;
2910800;Feira de Santana;BA;Bahia;64;5040296,1338750646;1,2697666625154369;1,27029628423167718;1,27433399772851530;0;0;;;0,4491104988331303;
2912004;Ibiassucê;BA;Bahia;0;79050,2533491886;0,0000000000000000;0,06001823791684125;1,26975158444648772;0;0;;;0,0000000000000000;
3160454;Santo Antônio do Retiro;MG;Norte de Minas;1;55932,7570251992;1,7878610910409327;1,81877483015591390;1,26950961506432702;0;0;;;0,6323580624262738;
2919603;Macajuba;BA;Bahia;2;87918,9107492708;2,2748234514684182;2,28539095197897169;1,26908542835332350;0;0;;;0,8045943598978873;
2908507;Conceição do Jacuípe;BA;Bahia;3;279773,3208719292;1,0722966688354458;1,08298600624694941;1,26749150470626382;0;0;;;0,3792662904566817;
2920106;Mairi;BA;Bahia;2;146446,8453331123;1,3656832248251858;1,38259661592149219;1,26279732138044132;0;0;;;0,4830357359786336;
2926301;Riachão do Jacuípe;BA;Bahia;3;271738,0506264045;1,1040043869765264;1,11480902493542033;1,24771061575478015;0;0;;;0,3904811612920766;
2917706;Jaguarari;BA;Bahia;3;269847,2640037292;1,1117400100667840;1,12257103847099082;1,24457421887996511;0;0;;;0,3932172148107351;
2901809;Antônio Gonçalves;BA;Bahia;0;91739,4174357630;0,0000000000000000;0,05186896615175721;1,24336743720584786;0;0;;;0,0000000000000000;
2923902;Pau Brasil;BA;Bahia;1;77015,3959393854;1,2984416788391837;1,33173520405341894;1,23382496657789287;0;0;;;0,4592527172937206;
2904902;Cachoeira;BA;Bahia;3;254747,9339476740;1,1776346734243617;1,18866286792210074;1,22863812409873652;0;0;;;0,4165238474422271;
2925253;Ponto Novo;BA;Bahia;2;133145,3404339919;1,5021179062526187;1,51896499142049746;1,22822941442960420;0;0;;;0,5312920413636151;
2902658;Banzaê;BA;Bahia;1;101624,2307099725;0,9840172890006130;1,01459897330319015;1,22609329706274228;0;0;;;0,3480422888470008;
2905107;Caém;BA;Bahia;0;78956,0905254290;0,0000000000000000;0,06008829427313873;1,20842357697324454;0;0;;;0,0000000000000000;
2901700;Antônio Cardoso;BA;Bahia;1;92188,1087258514;1,0847386000441723;1,11655440433805153;1,19201210683161696;0;0;;;0,3836669430305406;
2929404;São Miguel das Matas;BA;Bahia;1;88822,9268813628;1,1258354516234974;1,15805557414823235;1,18955284085958435;0;0;;;0,3982027062208405;
2906907;Caravelas;BA;Bahia;2;172306,9812458054;1,1607190756518972;1,17713842360371412;1,18082152593466461;0;0;;;0,4105408800373321;
2910602;Esplanada;BA;Bahia;3;283802,4991564313;1,0570731437944128;1,06770304970780638;1,17942207252517717;0;0;;;0,3738818012217598;
2923506;Palmeiras;BA;Bahia;1;78802,2772751096;1,2689988596507966;1,30218045497890755;1,17089476601548581;0;0;;;0,4488389305696662;
2925709;Presidente Jânio Quadros;BA;Bahia;1;100422,1992641889;0,9957957576384260;1,02653963741705301;1,16479920588268970;0;0;;;0,3522082778287396;
2900405;Água Fria;BA;Bahia;1;126883,8092339307;0,7881226186678707;0,81530906760126798;1,16160382853362942;0;0;;;0,2787552649322271;
2929800;Saúde;BA;Bahia;0;94159,8373902207;0,0000000000000000;0,05055949481217938;1,09892877023081037;0;0;;;0,0000000000000000;
2930774;Sobradinho;BA;Bahia;2;198241,4977629595;1,0088705052014042;1,02446224417123588;1,08926611335438284;0;0;;;0,3568327545719657;
2917334;Iuiu;BA;Bahia;1;89549,1080538870;1,1167057067706818;1,14884096728053109;1,08842223053480769;0;0;;;0,3949735583891084;
2901502;Anguera;BA;Bahia;0;90247,4917159601;0,0000000000000000;0,05271045135348778;1,08435793884647946;0;0;;;0,0000000000000000;
2927705;Santa Cruz Cabrália;BA;Bahia;4;232449,7888503835;1,7208017351973610;1,72890316013715539;1,08428920718890875;0;0;;;0,6086394835381871;
2907707;Chorrochó;BA;Bahia;2;87945,5760169366;2,2741337206260828;2,28471126741215969;1,07934926931258546;0;0;;;0,8043504053416634;
2906857;Capela do Alto Alegre;BA;Bahia;0;90242,3907068888;0,0000000000000000;0,05271337529453108;1,07918967442262681;0;0;;;0,0000000000000000;
3142908;Monte Azul;MG;Norte de Minas;2;164965,1210635964;1,2123774935605764;1,22898871167359336;1,07712665963311482;0;0;;;0,4288122195840303;
2914901;Itacaré;BA;Bahia;4;228967,8100067329;1,7469704583724575;1,75499967595338435;1,05514078242990506;0;0;;;0,6178952378952211;
2925501;Prado;BA;Bahia;3;258615,6634522467;1,1600225446336700;1,17100288336856329;1,04880775384918690;0;0;;;0,4102945202908657;
2913408;Igaporã;BA;Bahia;1;126008,8588527107;0,7935949972921195;0,82089422489385344;1,04500825141379639;0;0;;;0,2806908195237072;
2919009;Lajedinho;BA;Bahia;0;29415,6909491449;0,0000000000000000;0,15571248446782479;1,04449968832564610;0;0;;;0,0000000000000000;
2933406;Wagner;BA;Bahia;1;76267,4709902910;1,3111749832734096;1,34450787613727929;1,01936453307939723;0;0;;;0,4637564272075724;
2913507;Iguaí;BA;Bahia;2;194597,0502004674;1,0277648083255460;1,04348098841676662;1,01665656129755155;0;0;;;0,3635155807570361;
2915601;Itamaraju;BA;Bahia;5;502376,5642751108;0,9952693568050094;1,00150033534812488;1,00434116243367466;0;0;;;0,3520220923287884;
3124302;Espinosa;MG;Norte de Minas;2;250567,4117572058;0,7981883940829287;0,81197802144545783;1,00247523314604114;0;0;;;0,2823154823731571;
2906873;Capim Grosso;BA;Bahia;2;261146,9925621759;0,7658522046827035;0,77929774023205634;0,99535958479866971;0;0;;;0,2708783242081063;
2922656;Nordestina;BA;Bahia;2;129325,2229663322;1,5464887313750615;1,56324641324519220;0,99149160965220462;0;0;;;0,5469857936038111;
2933109;Várzea do Poço;BA;Bahia;0;69757,6022769288;0,0000000000000000;0,06782168321138579;0,98800012407793569;0;0;;;0,0000000000000000;
3132107;Itacarambi;MG;Norte de Minas;0;142228,7947465408;0,0000000000000000;0,03367546825974425;0,98388438002852008;0;0;;;0,0000000000000000;
2919058;Lajedo do Tabocal;BA;Bahia;0;64752,2882004041;0,0000000000000000;0,07292902927889586;0,98352366741550001;0;0;;;0,0000000000000000;
2907509;Catu;BA;Bahia;4;416870,2751722046;0,9595311151287157;0,96718130592105744;0,98302180235485392;0;0;;;0,3393816442681478;
3162708;São João do Paraíso;MG;Norte de Minas;1;192122,5179296560;0,5205011941214208;0,54090475233257918;0,98287817639334085;0;0;;;0,1840988252692210;
2906303;Canavieiras;BA;Bahia;2;258948,7203223858;0,7723536913061557;0,78586985527263264;0,97335380243629133;0;0;;;0,2731778694606421;
2932200;Ubaitaba;BA;Bahia;3;147046,5323879799;2,0401705169657105;2,04924218449025641;0,97276151599011684;0;0;;;0,7215987201648368;
2930402;Serra Preta;BA;Bahia;0;132944,2642452466;0,0000000000000000;0,03599734417252250;0,96609941078887207;0;0;;;0,0000000000000000;
3136579;Josenópolis;MG;Norte de Minas;0;33923,4817258071;0,0000000000000000;0,13601665679141456;0,96158540098303502;0;0;;;0,0000000000000000;
2931905;Tucano;BA;Bahia;3;403502,1063408115;0,7434905426407115;0,75230719087285669;0,96146666676686710;0;0;;;0,2629691094752815;
2924058;Pé de Serra;BA;Bahia;1;108322,2666243929;0,9231712289288558;0,95283942383407649;0,96038943453817294;0;0;;;0,3265213234621301;
2917003;Itiúba;BA;Bahia;0;283933,0514535844;0,0000000000000000;0,01696971537313617;0,94491973010659347;0;0;;;0,0000000000000000;
2929008;São Félix;BA;Bahia;1;103440,6672016399;0,9667377706010643;0,99707292235367362;0,94381505080407269;0;0;;;0,3419306044272477;
2927804;Santa Cruz da Vitória;BA;Bahia;0;43953,9574556679;0,0000000000000000;0,10614237981337887;0,93721993438199813;0;0;;;0,0000000000000000;
2928000;Santaluz;BA;Bahia;2;306426,9800843918;0,6526840421979775;0,66478348083545946;0,91487452141481018;0;0;;;0,2308512771876258;
2906105;Canápolis;BA;Bahia;1;80721,7029332702;1,2388242116580035;1,27186077908597372;0,89701063295592598;0;0;;;0,4381662994381234;
2911907;Iaçu;BA;Bahia;1;197094,3613143239;0,5073711867409596;0,52737772005918027;0,89632404813343003;0;0;;;0,1794548033883505;
2916906;Itiruçu;BA;Bahia;0;94810,2290388868;0,0000000000000000;0,05021882068897190;0,89314938056914794;0;0;;;0,0000000000000000;
2904001;Boninal;BA;Bahia;1;113331,9050209574;0,8823640613956676;0,91134850128225631;0,88460709505234880;0;0;;;0,3120880201570243;
2909307;Correntina;BA;Bahia;2;262860,8732095944;0,7608587674458810;0,77424956298757452;0,87348220489699380;0;0;;;0,2691121689336572;
2914000;Ipirá;BA;Bahia;4;471493,7235516518;0,8483676028323214;0,85553747367173261;0,87322371382205732;0;0;;;0,3000636325945900;
2923035;Novo Horizonte;BA;Bahia;2;95475,7133391051;2,0947735607866216;2,10769558650591149;0,86943663706770624;0;0;;;0,7409115600527864;
2903805;Boa Vista do Tupim;BA;Bahia;2;142750,6222674621;1,4010446807389298;1,41797114690168402;0,86557041215520014;0;0;;;0,4955429166864860;
2911105;Formosa do Rio Preto;BA;Bahia;2;210406,1365526165;0,9505426185608696;0,96571164786502550;0,86439879261395391;0;0;;;0,3362024552907430;
2916401;Itapetinga;BA;Bahia;5;576477,0423024786;0,8673372282146304;0,87314900233094339;0,85761151434857619;0;0;;;0,3067730999082531;
2904852;Cabaceiras do Paraguaçu;BA;Bahia;1;142845,2855247507;0,7000581057515758;0,72528723042778087;0,84931398552640880;0;0;;;0,2476072607414547;
2925105;Poções;BA;Bahia;3;386658,5550390466;0,7758783456109088;0,78493439043381119;0,83762119306336413;0;0;;;0,2744245231173746;
2924306;Piatã;BA;Bahia;1;150581,8513111997;0,6640906532177981;0,68844305928885485;0,83473242300360639;0;0;;;0,2348857418781372;
2929909;Seabra;BA;Bahia;2;367377,1679692772;0,5443996454802152;0,55500403322279035;0,82984095326903773;0;0;;;0,1925515951583162;
2905503;Caldeirão Grande;BA;Bahia;1;106993,7837607252;0,9346337374480962;0,96448371576609337;0,81112024418672424;0;0;;;0,3305755588353891;
2920502;Maracás;BA;Bahia;1;197039,5551764584;0,5075123109694659;0,52752314369755438;0,80448275795576152;0;0;;;0,1795047183644898;
2918001;Jequié;BA;Bahia;10;1284613,8739293821;0,7784440292094900;0,78117484425970729;0,79830360222774166;0;0;;;0,2753319933438524;
2910859;Filadélfia;BA;Bahia;0;138784,8671835882;0,0000000000000000;0,03450092310661890;0,79303236442320946;0;0;;;0,0000000000000000;
3139250;Mamonas;MG;Norte de Minas;0;50415,2973793885;0,0000000000000000;0,09298633097459878;0,79099890182160115;0;0;;;0,0000000000000000;
2932507;Una;BA;Bahia;1;148192,4937248504;0,6747980109280729;0,69941610826001344;0,79068898261969667;0;0;;;0,2386728839605415;
2932002;Uauá;BA;Bahia;2;197434,9953093808;1,0129916415608078;1,02861104386542901;0,78939169610892723;0;0;;;0,3582903811271191;
2911709;Guanambi;BA;Bahia;5;703548,9264183410;0,7106826280660008;0,71582808273558574;0,78710934562474844;0;0;;;0,2513651043337904;
2920700;Maraú;BA;Bahia;0;183396,4786950708;0,0000000000000000;0,02618622511888210;0,78279866652565333;0;0;;;0,0000000000000000;
3145059;Nova Porteirinha;MG;Norte de Minas;0;56968,8984865561;0,0000000000000000;0,08260187017671267;0,76173513048018582;0;0;;;0,0000000000000000;
2913002;Ibitiara;BA;Bahia;1;125072,9794584987;0,7995332039977640;0,82695364076613365;0,75288081687481989;0;0;;;0,2827911353175264;
2902906;Barra do Choça;BA;Bahia;2;276759,4300319369;0,7226492697174612;0,73560697972562306;0,74947367211969840;0;0;;;0,2555976492257772;
2928604;Santo Amaro;BA;Bahia;3;469924,9034614571;0,6383998757891021;0,64635686342842746;0,74453478358418068;0;0;;;0,2257990346845844;
2907004;Cardeal da Silva;BA;Bahia;1;71406,4357384168;1,4004339940216315;1,43388995570840394;0,73590285792066068;0;0;;;0,4953269196656687;
2930204;Sento Sé;BA;Bahia;2;321325,8159584819;0,6224212001249277;0,63412321997739574;0,73251575058101326;0;0;;;0,2201474522245331;
2908309;Conceição do Almeida;BA;Bahia;0;132930,8108570248;0,0000000000000000;0,03600094092823471;0,72921155109356295;0;0;;;0,0000000000000000;
2933307;Vitória da Conquista;BA;Bahia;21;2905928,3752784114;0,7226606195339563;0,72390161266130959;0,72707969169313091;0;0;;;0,2556016636025112;
2930501;Serrinha;BA;Bahia;4;656211,3187283751;0,6095597387364963;0,61533892359846776;0,72502186564941595;0;0;;;0,2155984137984976;
2920205;Malhada;BA;Bahia;1;130071,4782813900;0,7688080532433490;0,79558818561805855;0,72383731239432336;0;0;;;0,2719237939473392;
2932457;Umburanas;BA;Bahia;0;132310,4504430798;0,0000000000000000;0,03616757826419281;0,71881934400237579;0;0;;;0,0000000000000000;
2909604;Crisópolis;BA;Bahia;1;164976,6478705202;0,6061463927821089;0,62899180078588068;0,70704688730671283;0;0;;;0,2143911293819828;
3143450;Montezuma;MG;Norte de Minas;0;60874,3507051065;0,0000000000000000;0,07744763395489271;0,70205358633469939;0;0;;;0,0000000000000000;
2907558;Caturama;BA;Bahia;1;73328,9546617993;1,3637177900763804;1,39715549240015857;0,69913716957327166;0;0;;;0,4823405709483032;
2909802;Cruz das Almas;BA;Bahia;3;502260,0045580401;0,5973001976615334;0,60488648178939808;0,69604584222835453;0;0;;;0,2112622717574595;
2931301;Tapiramutá;BA;Bahia;0;132300,0248846009;0,0000000000000000;0,03617039189381757;0,69356250685890741;0;0;;;0,0000000000000000;
2932309;Ubatã;BA;Bahia;1;172699,4999301047;0,5790404722681434;0,60114076260503024;0,67951965178977458;0;0;;;0,2048038927323434;
2917805;Jaguaripe;BA;Bahia;1;147803,6431794148;0,6765733093507901;0,70123507385224060;0,67840538664912398;0;0;;;0,2393007986662440;
2918308;Jitaúna;BA;Bahia;0;102561,1863802120;0,0000000000000000;0,04648598519362016;0,67649090071776985;0;0;;;0,0000000000000000;
3146552;Pai Pedro;MG;Norte de Minas;0;46758,3460193375;0,0000000000000000;0,10000152824264276;0,67177659652694166;0;0;;;0,0000000000000000;
3152131;Ponto Chique;MG;Norte de Minas;0;32213,8808559445;0,0000000000000000;0,14287033723039064;0,66389643676451471;0;0;;;0,0000000000000000;
2931400;Teodoro Sampaio;BA;Bahia;0;58468,8671049506;0,0000000000000000;0,08054315786618596;0,66184233141230520;0;0;;;0,0000000000000000;
2911600;Governador Mangabeira;BA;Bahia;1;167191,5018550330;0,5981165244074855;0,62074386948854421;0,65613284315037834;0;0;;;0,2115510026896129;
2916500;Itapicuru;BA;Bahia;1;273561,9478848520;0,3655479161966346;0,38088024960731587;0,65250114592136688;0;0;;;0,1292925793667118;
2903409;Belmonte;BA;Bahia;1;175076,7777601781;0,5711779784808524;0,59305733944886074;0,65091188431335145;0;0;;;0,2020229656446158;
3146255;Padre Carvalho;MG;Norte de Minas;0;45858,4820319114;0,0000000000000000;0,10189310185624352;0,64082908273123229;0;0;;;0,0000000000000000;
2902401;Aurelino Leal;BA;Bahia;0;90903,4144969535;0,0000000000000000;0,05233715434415495;0,63650413968603514;0;0;;;0,0000000000000000;
2933505;Wenceslau Guimarães;BA;Bahia;1;184555,4211092049;0,5418426584219822;0,56287866460503400;0,62834414868274635;0;0;;;0,1916472008572736;
2929750;Saubara;BA;Bahia;1;95066,2471188749;1,0518980503664541;1,08334946835029955;0,62686338972436928;0;0;;;0,3720513950065468;
2923209;Oliveira dos Brejinhos;BA;Bahia;1;171664,2218140710;0,5825325681918141;0,60473029143770984;0,62124342976014757;0;0;;;0,2060390306427576;
2923407;Palmas de Monte Alto;BA;Bahia;1;168885,2989180527;0,5921178494554606;0,61458082459330621;0,62117031461170091;0;0;;;0,2094292995613352;
2932606;Urandi;BA;Bahia;0;129143,9531560331;0,0000000000000000;0,03704275710514522;0,61923361614214423;0;0;;;0,0000000000000000;
2915106;Itagi;BA;Bahia;0;105715,1780722926;0,0000000000000000;0,04512121867154057;0,61232439022267227;0;0;;;0,0000000000000000;
2913903;Ipiaú;BA;Bahia;2;350825,7539839348;0,5700835749052748;0,58106092102042184;0,61102188454991357;0;0;;;0,2016358802451782;
2918407;Juazeiro;BA;Bahia;11;1864030,0117901713;0,5901192540047064;0,59217505817831584;0,61078494983523834;0;0;;;0,2087224057466278;
2901908;Aporá;BA;Bahia;0;135842,8834908176;0,0000000000000000;0,03523880543461327;0,60359492485901034;0;0;;;0,0000000000000000;
2921104;Medeiros Neto;BA;Bahia;0;181280,5389632364;0,0000000000000000;0,02648901189520156;0,60212171529558511;0;0;;;0,0000000000000000;
2900603;Aiquara;BA;Bahia;0;35858,9652345872;0,0000000000000000;0,12901016745559066;0,59997117436930059;0;0;;;0,0000000000000000;
2902500;Baianópolis;BA;Bahia;0;111330,7813835573;0,0000000000000000;0,04287979037113913;0,59724239468990181;0;0;;;0,0000000000000000;
2923100;Olindina;BA;Bahia;1;204589,8827759703;0,4887827229927192;0,50821685103278935;0,59330582317531411;0;0;;;0,1728801511526589;
2929206;São Francisco do Conde;BA;Bahia;2;320641,3223107732;0,6237499226820029;0,63546972375577360;0,58983571776022281;0;0;;;0,2206174151460960;
2928802;Santo Estêvão;BA;Bahia;2;428151,4493179648;0,4671244259913058;0,47653777578521389;0,58892124118593125;0;0;;;0,1652197133278765;
2932705;Uruçuca;BA;Bahia;1;169351,1060074582;0,5904892052821671;0,61290733725327451;0,58680857425462085;0;0;;;0,2088532557741716;
2922508;Nazaré;BA;Bahia;0;225844,3688429094;0,0000000000000000;0,02130155473106985;0,58098105722008397;0;0;;;0,0000000000000000;
3126604;Francisco Dumont;MG;Norte de Minas;0;39059,3974015081;0,0000000000000000;0,11888387484380972;0,57906305404309699;0;0;;;0,0000000000000000;
2910008;Dário Meira;BA;Bahia;0;86412,1434820835;0,0000000000000000;0,05500445640250164;0,57519003010495207;0;0;;;0,0000000000000000;
2918100;Jeremoabo;BA;Bahia;1;317396,1027442084;0,3150637299431199;0,32856119673740941;0,56182305749493666;0;0;;;0,1114365600358964;
2912707;Ibirapitanga;BA;Bahia;1;198668,9166313567;0,5033500040952887;0,52323373719463551;0,55546455159958241;0;0;;;0,1780325299918205;
2915908;Itanagra;BA;Bahia;0;49833,8764987290;0,0000000000000000;0,09403513621717333;0,55400578474592843;0;0;;;0,0000000000000000;
2924009;Paulo Afonso;BA;Bahia;5;939897,7909179965;0,5319727366436843;0,53615205428626811;0,54780300570448970;0;0;;;0,1881562559268766;
3127339;Gameleiras;MG;Norte de Minas;0;39741,8731342072;0,0000000000000000;0,11692674792092717;0,54373078332033864;0;0;;;0,0000000000000000;
2909703;Cristópolis;BA;Bahia;1;113017,1193244601;0,8848217030988967;0,91384894105278747;0,54142660958802769;0;0;;;0,3129572764730657;
2931350;Teixeira de Freitas;BA;Bahia;6;1247164,8316265740;0,4810911795977037;0,48431209337328163;0,53221549926629852;0;0;;;0,1701596884149706;
2912509;Ibipitanga;BA;Bahia;1;116277,6792978830;0,8600102840358345;0,88859591486524803;0,51939041622167292;0;0;;;0,3041815941992099;
3171030;Verdelândia;MG;Norte de Minas;0;68489,8445133936;0,0000000000000000;0,06904641483290701;0,51473571622116920;0;0;;;0,0000000000000000;
2902609;Baixa Grande;BA;Bahia;0;155812,5663399625;0,0000000000000000;0,03077158693974307;0,51036633519884944;0;0;;;0,0000000000000000;
2925402;Potiraguá;BA;Bahia;0;70326,4331202720;0,0000000000000000;0,06728616721704203;0,50727032607756850;0;0;;;0,0000000000000000;
2903904;Bom Jesus da Lapa;BA;Bahia;3;547798,4733845139;0,5476466521465134;0,55475917605954506;0,50555105839664982;0;0;;;0,1937000461506638;
2925808;Queimadas;BA;Bahia;1;209190,1518783644;0,4780339757970343;0,49713158385409290;0,50553051306332020;0;0;;;0,1690783698038541;
2904506;Brotas de Macaúbas;BA;Bahia;0;89486,2950235253;0,0000000000000000;0,05315039298667875;0,50214486057877383;0;0;;;0,0000000000000000;
2926400;Riacho de Santana;BA;Bahia;1;268284,2871415897;0,3727389369889709;0,38832530836228757;0,50086952040871890;0;0;;;0,1318360096129964;
2904100;Boquira;BA;Bahia;1;164517,8585363234;0,6078367472666883;0,63072777297371363;0,50070195704903697;0;0;;;0,2149889998161225;
2904803;Caatiba;BA;Bahia;0;51292,4927387519;0,0000000000000000;0,09144753028091467;0,48809804231842824;0;0;;;0,0000000000000000;
2910503;Entre Rios;BA;Bahia;1;324228,5677842164;0,3084243954300564;0,32167384984175640;0,46365464165700387;0;0;;;0,1090882586328851;
2922102;Mundo Novo;BA;Bahia;0;176753,9096823870;0,0000000000000000;0,02716087278897955;0,45640368507264023;0;0;;;0,0000000000000000;
2927200;Ruy Barbosa;BA;Bahia;0;239752,4284596423;0,0000000000000000;0,02007462353054229;0,45572798593244213;0;0;;;0,0000000000000000;
2927606;Santa Brígida;BA;Bahia;0;117275,2891158058;0,0000000000000000;0,04073759586843992;0,45411278709689551;0;0;;;0,0000000000000000;
2929701;Sátiro Dias;BA;Bahia;0;136762,7493055449;0,0000000000000000;0,03500472383961087;0,45315052508516629;0;0;;;0,0000000000000000;
2914653;Itabela;BA;Bahia;1;238816,5349110010;0,4187314753447313;0,43589952084983796;0,44078023461289345;0;0;;;0,1481033541994718;
2911501;Gongogi;BA;Bahia;0;50402,9967631711;0,0000000000000000;0,09300827733648119;0,43583830343681601;0;0;;;0,0000000000000000;
2927903;Santa Inês;BA;Bahia;0;84491,7147528737;0,0000000000000000;0,05622979907514819;0,42448959659256191;0;0;;;0,0000000000000000;
2927101;Rodelas;BA;Bahia;0;80078,6211076782;0,0000000000000000;0,05926364108320335;0,42289149997662068;0;0;;;0,0000000000000000;
2905701;Camaçari;BA;Bahia;10;2457504,0087154591;0,4069169354163948;0,40860434278849500;0,42053011872694057;0;0;;;0,1439246069718609;
2910701;Euclides da Cunha;BA;Bahia;1;496150,5406918459;0,2015517303690877;0,21059393909854715;0,41218038168040411;0;0;;;0,0712878994534487;
2927309;Salinas da Margarida;BA;Bahia;2;124497,7378373575;1,6064548920662147;1,62303894753106381;0,41192107784777210;0;0;;;0,5681955427145333;
2919959;Maetinga;BA;Bahia;0;40382,4932137033;0,0000000000000000;0,11514738937272820;0,40800494289289418;0;0;;;0,0000000000000000;
2925303;Porto Seguro;BA;Bahia;5;1305012,3800632930;0,3831381277591788;0,38634497380589855;0,40002847135737357;0;0;;;0,1355141544975194;
2913606;Ilhéus;BA;Bahia;6;1385324,2392918747;0,4331116015891683;0,43607099480015327;0,39717677563105547;0;0;;;0,1531895372452044;
2911204;Gandu;BA;Bahia;1;263192,2851770059;0,3799503466932800;0,39578964463740884;0,39551112072276540;0;0;;;0,1343866513215890;
2922250;Muquém do São Francisco;BA;Bahia;0;88184,0331512008;0,0000000000000000;0,05392032479153405;0,39447194063708091;0;0;;;0,0000000000000000;
2915502;Itajuípe;BA;Bahia;1;158019,5601348091;0,6328330487357916;0,65638703183993807;0,39195741351735491;0;0;;;0,2238300741277863;
2933455;Wanderley;BA;Bahia;1;101905,9260603989;0,9812972009177435;1,01184075411248853;0,38899266234032059;0;0;;;0,3470802064803497;
2931053;Tanque Novo;BA;Bahia;0;139813,3189650725;0,0000000000000000;0,03425021240382928;0,38723229777038837;0;0;;;0,0000000000000000;
2923704;Paratinga;BA;Bahia;2;248824,0982036917;0,8037806685278390;0,81762797865970793;0,38685052352187582;0;0;;;0,2842934435527253;
2916609;Itapitanga;BA;Bahia;0;83225,0268343672;0,0000000000000000;0,05706834409953929;0,37587254481448523;0;0;;;0,0000000000000000;
3129657;Ibiracatu;MG;Norte de Minas;0;42526,9177097092;0,0000000000000000;0,10956608197399102;0,37038400386060671;0;0;;;0,0000000000000000;
2930907;Tabocas do Brejo Velho;BA;Bahia;0;98952,9461056973;0,0000000000000000;0,04815219041918515;0,36921182358657861;0;0;;;0,0000000000000000;
2906808;Cansanção;BA;Bahia;0;294631,9453654473;0,0000000000000000;0,01635706354292914;0,36315135862662096;0;0;;;0,0000000000000000;
2923050;Novo Triunfo;BA;Bahia;0;105550,2011423131;0,0000000000000000;0,04519061672065752;0,35215220730972380;0;0;;;0,0000000000000000;
2930758;Sítio do Mato;BA;Bahia;0;107133,9604579134;0,0000000000000000;0,04453308727004166;0,34215269791122965;0;0;;;0,0000000000000000;
2926905;Rio do Pires;BA;Bahia;0;89361,9151480466;0,0000000000000000;0,05322297862979379;0,34061543642142222;0;0;;;0,0000000000000000;
2928109;Santa Maria da Vitória;BA;Bahia;0;318316,5248927802;0,0000000000000000;0,01514652407246573;0,33941681950899028;0;0;;;0,0000000000000000;
2906501;Candeias;BA;Bahia;2;645070,1309412837;0,3100438082726925;0,31671649507729827;0,33362279475478951;0;0;;;0,1096610373417955;
2914703;Itaberaba;BA;Bahia;1;526636,6414456142;0,1898842430057670;0,19844257290788550;0,33307935123817789;0;0;;;0,0671611640267289;
2903300;Barro Preto;BA;Bahia;0;45728,1251893819;0,0000000000000000;0,10217307090244084;0,33047197832698794;0;0;;;0,0000000000000000;
3135050;Jaíba;MG;Norte de Minas;1;311747,9096337554;0,3207719984954543;0,33448145098333193;0,33022644169847609;0;0;;;0,1134555477859242;
2927408;Salvador;BA;Bahia;71;21559658,8356539421;0,3293187547225232;0,32951738513764151;0,33001364053589544;0;0;;;0,1164784952816003;
2917300;Ituberá;BA;Bahia;0;203123,6085485694;0,0000000000000000;0,02366433552329241;0,32795694701355321;0;0;;;0,0000000000000000;
2905800;Camamu;BA;Bahia;1;266443,1486417790;0,3753145859060747;0,39099150383548198;0,32714922471772562;0;0;;;0,1327470045257845;
2916807;Itarantim;BA;Bahia;0;148509,9362088738;0,0000000000000000;0,03226743902802238;0,32709024888571381;0;0;;;0,0000000000000000;
2904407;Brejolândia;BA;Bahia;1;79432,5213033352;1,2589302008697683;1,29206681718531913;0,32543053452886206;0;0;;;0,4452776932957483;
2910909;Firmino Alves;BA;Bahia;0;42302,0523382528;0,0000000000000000;0,11012581742328215;0,32392197017336666;0;0;;;0,0000000000000000;
2921500;Monte Santo;BA;Bahia;1;393606,8079457596;0,2540606462624507;0,26522061581884016;0,31964944792673688;0;0;;;0,0898600561387865;
2919504;Livramento de Nossa Senhora;BA;Bahia;1;365142,7350916514;0,2738655062516849;0,28579880936517499;0,31901523448477204;0;0;;;0,0968649420061355;
2924405;Pilão Arcado;BA;Bahia;1;286322,8746623366;0,3492560631697030;0,36400610196496425;0,31155778782375471;0;0;;;0,1235302275458297;
2916104;Itaparica;BA;Bahia;0;169706,9056629751;0,0000000000000000;0,02827743575783729;0,30880044696448344;0;0;;;0,0000000000000000;
2900702;Alagoinhas;BA;Bahia;3;1236475,4613881628;0,2426251141799424;0,24620403169871294;0,29456020057973720;0;0;;;0,0858153622043723;
2933208;Vera Cruz;BA;Bahia;0;350264,3620114889;0,0000000000000000;0,01377172929543410;0,29160463416658677;0;0;;;0,0000000000000000;
2926004;Remanso;BA;Bahia;1;332541,0006242197;0,3007147985129290;0,31367430348300701;0,28479225008729769;0;0;;;0,1063614104493029;
2919900;Macururé;BA;Bahia;0;60725,8269864083;0,0000000000000000;0,07763185484947897;0,28048380753697033;0;0;;;0,0000000000000000;
2906402;Candeal;BA;Bahia;0;64436,8836077797;0,0000000000000000;0,07327674921837547;0,27740570123469621;0;0;;;0,0000000000000000;
2906600;Candiba;BA;Bahia;0;110446,9182613404;0,0000000000000000;0,04321769506418751;0,27298603034209334;0;0;;;0,0000000000000000;
2919207;Lauro de Freitas;BA;Bahia;4;1651212,4665534119;0,2422462330574108;0,24492755498501725;0,26964362602041198;0;0;;;0,0856813537326098;
2925204;Pojuca;BA;Bahia;0;291117,7594927908;0,0000000000000000;0,01655335941609278;0,26949120016763423;0;0;;;0,0000000000000000;
2928505;Santa Terezinha;BA;Bahia;0;84546,0640385219;0,0000000000000000;0,05619437095237211;0,26003053415916672;0;0;;;0,0000000000000000;
2902708;Barra;BA;Bahia;1;425501,8179589918;0,2350166222077989;0,24541984021998042;0,24364876785692377;0;0;;;0,0831242743644947;
2908804;Contendas do Sincorá;BA;Bahia;0;33954,8015144642;0,0000000000000000;0,13589722595726828;0,24111904684594668;0;0;;;0,0000000000000000;
2910057;Dias D'ávila;BA;Bahia;1;621992,2777992466;0,1607737002038406;0,16810360775469013;0,24110670404938256;0;0;;;0,0568649018983968;
2913200;Ibotirama;BA;Bahia;0;216534,9197396975;0,0000000000000000;0,02221017456222785;0,23298258377178907;0;0;;;0,0000000000000000;
2905909;Campo Alegre de Lourdes;BA;Bahia;0;242361,4573303954;0,0000000000000000;0,01986003756472927;0,23222726088684884;0;0;;;0,0000000000000000;
2904308;Brejões;BA;Bahia;0;109587,4677163605;0,0000000000000000;0,04355141311515808;0,22491056218699590;0;0;;;0,0000000000000000;
2930154;Serra do Ramalho;BA;Bahia;0;267532,7078035528;0,0000000000000000;0,01800337205956093;0,22210966246407712;0;0;;;0,0000000000000000;
2929354;São José da Vitória;BA;Bahia;0;44117,5704825854;0,0000000000000000;0,10576346870188397;0,22182026703170707;0;0;;;0,0000000000000000;
2912400;Ibipeba;BA;Bahia;0;140776,4570595712;0,0000000000000000;0,03401870517082833;0,21737976364658637;0;0;;;0,0000000000000000;
2912301;Ibicuí;BA;Bahia;0;121474,7748760294;0,0000000000000000;0,03934886319477033;0,21496231583416966;0;0;;;0,0000000000000000;
2906824;Canudos;BA;Bahia;0;132846,1327447158;0,0000000000000000;0,03602359608330768;0,21031572061130013;0;0;;;0,0000000000000000;
2913457;Igrapiúna;BA;Bahia;0;106165,1680901089;0,0000000000000000;0,04493300804112785;0,20984842422125041;0;0;;;0,0000000000000000;
2904753;Buritirama;BA;Bahia;0;164811,0619156741;0,0000000000000000;0,02910879111142414;0,20232175452767998;0;0;;;0,0000000000000000;
2912905;Ibirataia;BA;Bahia;0;137055,2735424028;0,0000000000000000;0,03493093449207521;0,19740847490650248;0;0;;;0,0000000000000000;
2924603;Pindobaçu;BA;Bahia;0;158161,1025989426;0,0000000000000000;0,03031955928740541;0,19190997992542350;0;0;;;0,0000000000000000;
2910727;Eunápolis;BA;Bahia;1;927809,0627055356;0,1077807967389273;0,11279688116191901;0,18297508003545046;0;0;;;0,0381215610844275;
2922300;Muritiba;BA;Bahia;0;236066,7025275598;0,0000000000000000;0,02038579011400488;0,17841631437750016;0;0;;;0,0000000000000000;
2915700;Itamari;BA;Bahia;0;60669,5055189550;0,0000000000000000;0,07770194237950405;0,17570871672968794;0;0;;;0,0000000000000000;
2920452;Mansidão;BA;Bahia;0;111888,6899395684;0,0000000000000000;0,04266920645561945;0,17554588770026230;0;0;;;0,0000000000000000;
2903706;Boa Nova;BA;Bahia;0;105573,8190327055;0,0000000000000000;0,04518066869307990;0,16948313120451786;0;0;;;0,0000000000000000;
3152204;Porteirinha;MG;Norte de Minas;0;304389,0299621414;0,0000000000000000;0,01583568027348229;0,16549631166193793;0;0;;;0,0000000000000000;
2904704;Buerarema;BA;Bahia;0;133054,4683093538;0,0000000000000000;0,03596790821228955;0,16136049582257284;0;0;;;0,0000000000000000;
2931202;Taperoá;BA;Bahia;0;158113,6036229347;0,0000000000000000;0,03032856989379303;0,14540936913401578;0;0;;;0,0000000000000000;
2910776;Feira da Mata;BA;Bahia;0;45664,1786247681;0,0000000000000000;0,10231097298812281;0,14461982147365343;0;0;;;0,0000000000000000;
2926657;Ribeirão do Largo;BA;Bahia;0;62051,3699364455;0,0000000000000000;0,07601807026357664;0,14445762131157636;0;0;;;0,0000000000000000;
2911659;Guajeru;BA;Bahia;0;59782,0295562938;0,0000000000000000;0,07882328403226281;0,14249480714662688;0;0;;;0,0000000000000000;
2900108;Abaíra;BA;Bahia;0;64433,1136108387;0,0000000000000000;0,07328092553188666;0,13997253123058950;0;0;;;0,0000000000000000;
2921054;Matina;BA;Bahia;0;91007,4335661396;0,0000000000000000;0,05227844048216711;0,13091332354755478;0;0;;;0,0000000000000000;
2904209;Botuporã;BA;Bahia;0;85767,8309545036;0,0000000000000000;0,05540956752603898;0,12911715374565638;0;0;;;0,0000000000000000;
3154507;Riacho dos Machados;MG;Norte de Minas;0;73235,7605114299;0,0000000000000000;0,06467433477574498;0,11285310142887378;0;0;;;0,0000000000000000;
2902203;Aramari;BA;Bahia;0;85746,4535783012;0,0000000000000000;0,05542311084211968;0,11244296982087923;0;0;;;0,0000000000000000;
2907103;Carinhanha;BA;Bahia;0;235466,4277120266;0,0000000000000000;0,02043738396331323;0,11155810929715912;0;0;;;0,0000000000000000;
2900207;Abaré;BA;Bahia;0;152925,9830239090;0,0000000000000000;0,03134598217501259;0,10960622445628490;0;0;;;0,0000000000000000;
3166956;Serranópolis de Minas;MG;Norte de Minas;0;37017,2355458195;0,0000000000000000;0,12515212461820766;0,10917974873323344;0;0;;;0,0000000000000000;
2920007;Maiquinique;BA;Bahia;0;76248,8952079492;0,0000000000000000;0,06217479620736381;0,10802677227786055;0;0;;;0,0000000000000000;
2909901;Curaçá;BA;Bahia;0;280456,4280069654;0,0000000000000000;0,01717879897140633;0,10765483768929421;0;0;;;0,0000000000000000;
2917102;Itororó;BA;Bahia;0;148730,1985983480;0,0000000000000000;0,03222019705886314;0,10659993444677669;0;0;;;0,0000000000000000;
2928208;Santana;BA;Bahia;0;207558,5897121875;0,0000000000000000;0,02316283344917993;0,10103325653115031;0;0;;;0,0000000000000000;
2909406;Cotegipe;BA;Bahia;0;108366,9238653025;0,0000000000000000;0,04403429581811880;0,09460657231759186;0;0;;;0,0000000000000000;
2915205;Itagibá;BA;Bahia;0;120521,1324516836;0,0000000000000000;0,03965585018674929;0,09310696801776419;0;0;;;0,0000000000000000;
3162658;São João do Pacuí;MG;Norte de Minas;0;33817,8005932499;0,0000000000000000;0,13642120136463640;0,09155222807807445;0;0;;;0,0000000000000000;
2900504;Érico Cardoso;BA;Bahia;0;85618,6272325311;0,0000000000000000;0,05550423166036859;0,08116215277669882;0;0;;;0,0000000000000000;
2931004;Tanhaçu;BA;Bahia;0;167499,3403342109;0,0000000000000000;0,02864634347389963;0,07603999663133645;0;0;;;0,0000000000000000;
2913705;Inhambupe;BA;Bahia;0;299639,1673313093;0,0000000000000000;0,01608527839432863;0,07518387675524142;0;0;;;0,0000000000000000;
2917359;Jaborandi;BA;Bahia;0;71233,1683615169;0,0000000000000000;0,06644980396020714;0,07516782229558884;0;0;;;0,0000000000000000;
2901007;Amargosa;BA;Bahia;0;300414,7314926228;0,0000000000000000;0,01604398756688876;0,07187279806910034;0;0;;;0,0000000000000000;
2914802;Itabuna;BA;Bahia;1;1625126,1969423962;0,0615336828537658;0,06444844810809545;0,06793046318518449;0;0;;;0,0217641743300679;
2929057;São Félix do Coribe;BA;Bahia;0;123890,5905215754;0,0000000000000000;0,03859204984923307;0,06556943039824990;0;0;;;0,0000000000000000;
2933604;Xique-Xique;BA;Bahia;0;370617,5428829031;0,0000000000000000;0,01301891064336276;0,06365951014866203;0;0;;;0,0000000000000000;
2919801;Macaúbas;BA;Bahia;0;371960,8276257572;0,0000000000000000;0,01297211037766104;0,05912957450994483;0;0;;;0,0000000000000000;
2930303;Serra Dourada;BA;Bahia;0;138961,0934989683;0,0000000000000000;0,03445770330605671;0,05694633561824589;0;0;;;0,0000000000000000;
2907202;Casa Nova;BA;Bahia;0;586930,9916201114;0,0000000000000000;0,00823476541538952;0,05317879828971459;0;0;;;0,0000000000000000;
2923001;Nova Viçosa;BA;Bahia;0;337485,1378431399;0,0000000000000000;0,01429057425481792;0,05077347739338971;0;0;;;0,0000000000000000;
2915809;Itambé;BA;Bahia;0;190973,4252428310;0,0000000000000000;0,02515652052997871;0,04730521775541589;0;0;;;0,0000000000000000;
3128253;Guaraciama;MG;Norte de Minas;0;40524,4366766790;0,0000000000000000;0,11476043777523202;0,04061737014752709;0;0;;;0,0000000000000000;
2926806;Rio do Antônio;BA;Bahia;0;115121,6885652193;0,0000000000000000;0,04148849778786511;0,03873817264986414;0;0;;;0,0000000000000000;
2915353;Itaguaçu da Bahia;BA;Bahia;0;108090,6157511345;0,0000000000000000;0,04414510153545000;0,03619573431996135;0;0;;;0,0000000000000000;
2926707;Rio de Contas;BA;Bahia;0;105695,6699452053;0,0000000000000000;0,04512941371090035;0,03308529681333502;0;0;;;0,0000000000000000;
2932903;Valença;BA;Bahia;0;741076,2832345631;0,0000000000000000;0,00652587192036571;0,03294558698564611;0;0;;;0,0000000000000000;
2928406;Santa Rita de Cássia;BA;Bahia;0;226828,8280894417;0,0000000000000000;0,02120979745318458;0,03127805132805447;0;0;;;0,0000000000000000;
2916708;Itaquara;BA;Bahia;0;66693,1893580036;0,0000000000000000;0,07085984576354722;0,03019809132171559;0;0;;;0,0000000000000000;
2911303;Gentio do Ouro;BA;Bahia;0;89476,8784314135;0,0000000000000000;0,05315588139631058;0,02975740906261532;0;0;;;0,0000000000000000;
3127800;Grão Mogol;MG;Norte de Minas;0;119472,6775827396;0,0000000000000000;0,03999893411952451;0,02690922497766545;0;0;;;0,0000000000000000;
3136405;Joaquim Felício;MG;Norte de Minas;0;34326,4558099480;0,0000000000000000;0,13449585343246698;0,02632337198078910;0;0;;;0,0000000000000000;
2922805;Nova Itarana;BA;Bahia;0;64835,2712759794;0,0000000000000000;0,07283809168187957;0,02343579190825452;0;0;;;0,0000000000000000;
3144656;Ninheira;MG;Norte de Minas;0;84457,2567411202;0,0000000000000000;0,05625228402185201;0,01275697350415290;0;0;;;0,0000000000000000;
2922755;Nova Ibiá;BA;Bahia;0;52792,2424955451;0,0000000000000000;0,08893135638419290;0,01058256032201902;0;0;;;0,0000000000000000;
3108503;Botumirim;MG;Norte de Minas;0;48468,4440931024;0,0000000000000000;0,09659374764327240;0,00765086409998085;0;0;;;0,0000000000000000;
3157609;Santa Fé de Minas;MG;Norte de Minas;0;29481,4702741575;0,0000000000000000;0,15538415147715182;0,00589956009396966;0;0;;;0,0000000000000000;
3140852;Matias Cardoso;MG;Norte de Minas;0;80553,9104640170;0,0000000000000000;0,05892125714830402;0,00373451648465904;0;0;;;0,0000000000000000;
3145455;Olhos-D'água;MG;Norte de Minas;0;46415,0821710609;0,0000000000000000;0,10071474694847903;0,00297052430362233;0;0;;;0,0000000000000000;
3123809;Engenheiro Navarro;MG;Norte de Minas;0;54487,4363686605;0,0000000000000000;0,08624895905685018;0,00213773934287958;0;0;;;0,0000000000000000;
2910305;Elísio Medrado;BA;Bahia;0;64374,9516127557;0,0000000000000000;0,07334541639616514;0,00185164412876466;0;0;;;0,0000000000000000;
3120300;Cristália;MG;Norte de Minas;0;44466,9529455362;0,0000000000000000;0,10496332256523498;0,00000000000000000;0;0;;;0,0000000000000000;
