code_muni;n_anos_AA;n_anos_BB;n_anos_sig;classe_persistencia;name_muni;abbrev_state;regiao;inc_sinan_ebl;idhm;ivs;pct_agua_rede;pct_esgoto_adeq;pct_agua_superficial;pct_esgoto_em_corpo_dagua;pct_lixo_coletado
2900108;0;0;0;Sem cluster relevante;Abaíra;BA;Bahia;0,13997253123058950;0,603;;85,7825128581925;24,687729610580455;0,58780308596620123;0,11021307861866275;65,9808963997061
2900207;0;0;0;Sem cluster relevante;Abaré;BA;Bahia;0,10960622445628490;0,575;;87,7547339945897;53,381424706943193;2,45266005410279542;0,23444544634806130;70,5320108205591
2900306;0;0;0;Sem cluster relevante;Acajutiba;BA;Bahia;1,28660423842055516;0,582;;87,9194630872483;0,188758389261745;0,08389261744966443;0,00000000000000000;83,2005033557047
2900355;0;0;0;Sem cluster relevante;Adustina;BA;Bahia;5,07119113619854645;0,546;;76,3779527559055;40,906472056846553;0,11522949875168043;0,36489341271365466;77,8759362396774
2900405;0;0;0;Sem cluster relevante;Água Fria;BA;Bahia;1,16160382853362942;0,550;;62,8120411160059;4,754038179148312;0,47723935389133626;1,02790014684287812;63,9500734214391
2900504;0;0;0;Sem cluster relevante;Érico Cardoso;BA;Bahia;0,08116215277669882;0,584;;57,5796588348890;0,354039266173157;1,73801094303186354;0,00000000000000000;59,7682652075957
2900603;0;0;0;Sem cluster relevante;Aiquara;BA;Bahia;0,59997117436930059;0,583;;60,4249667994688;68,592297476759626;3,58565737051792865;8,03452855245683928;80,5444887118194
2900702;0;0;0;Sem cluster relevante;Alagoinhas;BA;Bahia;0,29456020057973720;0,683;;94,7521813438877;63,772600521723490;0,04677520913915625;0,98767653143833756;92,6454978861204
2900801;0;0;0;Sem cluster relevante;Alcobaça;BA;Bahia;1,48611510610052466;0,608;;58,6417577252967;27,435084008929621;0,29373751615556337;2,87862765832452139;61,0386558571261
2900900;0;0;0;Sem cluster relevante;Almadina;BA;Bahia;6,52440297357731946;0,563;;85,1707317073171;80,439024390243901;0,53658536585365857;5,36585365853658569;85,0243902439024
2901007;0;0;0;Sem cluster relevante;Amargosa;BA;Bahia;0,07187279806910034;0,625;;81,5875613747954;29,943460794524622;2,11278083618509172;0,43892277934831125;81,9000148787383
2901106;0;0;0;Sem cluster relevante;Amélia Rodrigues;BA;Bahia;2,07853836200641862;0,666;;82,0581395348837;7,546511627906977;0,02325581395348837;0,09302325581395349;95,7325581395349
2901155;0;0;0;Sem cluster relevante;América Dourada;BA;Bahia;2,72065473534817404;0,561;;82,2455322455322;1,282051282051282;0,01942501942501942;0,00000000000000000;88,4032634032634
2901205;0;0;0;Sem cluster relevante;Anagé;BA;Bahia;3,70313160421251419;0,540;;27,3352112676056;11,042253521126760;30,54647887323943678;1,17183098591549295;31,6281690140845
2901304;0;1;1;Sem cluster relevante;Andaraí;BA;Bahia;2,14035948960624012;0,555;;60,6734006734007;16,498316498316498;4,08529741863075202;1,12233445566778900;78,9898989898990
2901353;0;0;0;Sem cluster relevante;Andorinha;BA;Bahia;1,48311389888786094;0,588;;60,6777386344573;37,812447575910078;0,28518704915282672;0,48649555443717496;56,2321758094280
2901403;0;1;1;Sem cluster relevante;Angical;BA;Bahia;1,99968972121969601;0,625;;65,4421469423669;0,483941926968764;5,25736911570611554;0,06599208095028597;56,9511658600968
2901502;0;0;0;Sem cluster relevante;Anguera;BA;Bahia;1,08435793884647946;0,589;;87,0158730158730;26,920634920634924;0,15873015873015872;1,52380952380952372;72,8571428571428
2901601;0;0;0;Sem cluster relevante;Antas;BA;Bahia;1,72979274747581413;0,592;;79,7279214986619;60,548617305976805;0,17841213202497772;0,22301516503122212;83,2738626226583
2901700;0;0;0;Sem cluster relevante;Antônio Cardoso;BA;Bahia;1,19201210683161696;0,561;;67,6847004072135;11,314717859220478;7,35892961023851111;0,31995346131471786;52,6759744037231
2901809;0;0;0;Sem cluster relevante;Antônio Gonçalves;BA;Bahia;1,24336743720584786;0,598;;81,3697857948140;7,102593010146562;7,52536640360766640;0,47914317925591882;78,4103720405862
2901908;0;0;0;Sem cluster relevante;Aporá;BA;Bahia;0,60359492485901034;0,548;;90,4374003895874;0,726049229679476;0,19479369576766425;0,14166814237648309;83,1946166105897
2901957;0;0;0;Sem cluster relevante;Apuarema;BA;Bahia;3,04348428455909303;0,552;;66,4523905182804;42,748091603053432;2,41060666934511847;21,45439935717155677;77,9429489754922
2902005;0;0;0;Sem cluster relevante;Aracatu;BA;Bahia;225,79239858952385589;0,581;;43,9548513132190;1,367484263077925;10,13674842630779338;0,28217929238115913;33,7963967874973
2902054;0;0;0;Sem cluster relevante;Araçás;BA;Bahia;1,45571061687819658;0,570;;78,8923973767306;6,801068739373330;0,29147437454457131;0,07286859363614283;78,8681078455186
2902104;0;0;0;Sem cluster relevante;Araci;BA;Bahia;1,95279271090378237;0,534;;64,3367377058858;33,874490820001178;1,36371686640297551;0,58445008560127520;67,0523643662554
2902203;0;0;0;Sem cluster relevante;Aramari;BA;Bahia;0,11244296982087923;0,588;;80,8132875143184;10,108820160366552;0,17182130584192440;2,14776632302405490;65,9793814432990
2902252;0;0;0;Sem cluster relevante;Arataca;BA;Bahia;10,02966320235388054;0,559;;61,4232209737828;30,048977239988478;6,79919331604724864;4,20628061077499282;73,4946701238836
2902302;0;0;0;Sem cluster relevante;Aratuípe;BA;Bahia;1,92758895703557598;0,575;;59,4091201027617;28,837508028259474;1,18818240205523429;7,73924213230571656;60,7899807321773
2902401;0;0;0;Sem cluster relevante;Aurelino Leal;BA;Bahia;0,63650413968603514;0,568;;85,0632911392405;55,265822784810126;3,26582278481012667;21,89873417721518933;83,5949367088608
2902500;0;0;0;Sem cluster relevante;Baianópolis;BA;Bahia;0,59724239468990181;0,589;;78,8043478260870;0,249094202898551;0,49818840579710139;0,00000000000000000;34,4655797101449
2902609;0;0;0;Sem cluster relevante;Baixa Grande;BA;Bahia;0,51036633519884944;0,585;;63,9291217257319;34,930662557781197;1,06317411402157158;1,14021571648690290;68,3821263482280
2902658;0;0;0;Sem cluster relevante;Banzaê;BA;Bahia;1,22609329706274228;0,579;;74,0279542566709;3,329097839898348;0,02541296060991105;0,00000000000000000;85,0317662007624
2902708;0;0;0;Sem cluster relevante;Barra;BA;Bahia;0,24364876785692377;0,557;;67,9632980098217;31,700697854742828;9,29180666838976599;0,18092530369604548;61,3853708968726
2902807;0;0;0;Sem cluster relevante;Barra da Estiva;BA;Bahia;4,39599056596066173;0,575;;75,7442372292367;48,360940576856251;6,72998957488706129;0,68342407042742959;63,8132746438086
2902906;0;0;0;Sem cluster relevante;Barra do Choça;BA;Bahia;0,74947367211969840;0,551;;78,8417618270799;20,725938009787928;1,43556280587275698;0,30995106035889070;87,3409461663948
2903003;0;0;0;Sem cluster relevante;Barra do Mendes;BA;Bahia;3,75109930819285564;0,630;;64,8096748612213;0,317208564631245;0,37668517049960348;0,00000000000000000;62,8271213322760
2903102;0;0;0;Sem cluster relevante;Barra do Rocha;BA;Bahia;5,90285600355351114;0,577;;63,2414759458197;53,059318075665573;1,96170014012143867;6,21205044371788873;70,2475478748248
2903201;0;1;1;Sem cluster relevante;Barreiras;BA;Bahia;2,62159512985612908;0,721;;93,9730664508058;75,667819559938181;2,10280373831775691;0,04415335933475605;94,3226138788726
2903235;0;0;0;Sem cluster relevante;Barro Alto;BA;Bahia;40,53508911102230883;0,607;;64,3218197135636;1,095197978096040;0,06318449873631002;0,12636899747262004;62,9949452401011
2903276;0;0;0;Sem cluster relevante;Barrocas;BA;Bahia;3,33544544655452935;0,610;;85,1219043962373;30,312919946246879;0,40314839700518340;0,17277788443079287;93,6648109042043
2903300;0;0;0;Sem cluster relevante;Barro Preto;BA;Bahia;0,33047197832698794;0,602;;85,1471900089206;80,999107939339879;5,53077609277430859;0,98126672613737742;80,2854594112400
2903409;0;0;0;Sem cluster relevante;Belmonte;BA;Bahia;0,65091188431335145;0,598;;66,0146025623364;52,376360380217655;4,28433668549386937;0,26174404187904671;81,6090370574459
2903508;0;0;0;Sem cluster relevante;Belo Campo;BA;Bahia;2,71523593898812310;0,575;;38,0128910548656;1,289105486558717;4,71623958497091689;0,04716239584970917;56,5948750196510
2903607;0;0;0;Sem cluster relevante;Biritinga;BA;Bahia;4,17981779335254355;0,538;;77,5475923852184;20,698021649869354;0,01866368047779022;0,11198208286674133;44,6061963419186
2903706;0;0;0;Sem cluster relevante;Boa Nova;BA;Bahia;0,16948313120451786;0,567;;69,3950930626058;31,683587140439933;3,36294416243654792;0,67681895093062605;61,3790186125212
2903805;0;0;0;Sem cluster relevante;Boa Vista do Tupim;BA;Bahia;0,86557041215520014;0,551;;68,5063291139241;4,860759493670886;4,79324894514767941;0,08438818565400844;65,9071729957806
2903904;0;0;0;Sem cluster relevante;Bom Jesus da Lapa;BA;Bahia;0,50555105839664982;0,633;;78,5874707315908;48,650069288478996;1,79672193816600578;0,27237540020069767;73,2833182013667
2903953;0;0;0;Sem cluster relevante;Bom Jesus da Serra;BA;Bahia;1,28653480028581768;0,546;;40,5362776025237;0,157728706624606;5,14195583596214512;0,91482649842271302;39,3375394321767
2904001;0;0;0;Sem cluster relevante;Boninal;BA;Bahia;0,88460709505234880;0,612;;97,4187600829684;0,967964968886840;0,04609356994699240;0,04609356994699240;53,5146347084582
2904050;0;0;0;Sem cluster relevante;Bonito;BA;Bahia;6,93251690616902305;0,561;;88,3059301681138;1,016072418252356;0,35100683539626826;0,00000000000000000;87,9733973766858
2904100;0;0;0;Sem cluster relevante;Boquira;BA;Bahia;0,50070195704903697;0,603;;48,9454094292804;4,311414392059553;0,35669975186104219;0,52729528535980152;47,3635235732010
2904209;0;0;0;Sem cluster relevante;Botuporã;BA;Bahia;0,12911715374565638;0,575;;67,7206488864449;31,839428100082483;1,40225460544404723;0,13747594171020072;53,5331317019522
2904308;0;0;0;Sem cluster relevante;Brejões;BA;Bahia;0,22491056218699590;0,597;;70,7064297800338;29,251269035532996;1,33248730964467010;1,79780033840947562;73,4137055837564
2904407;0;0;0;Sem cluster relevante;Brejolândia;BA;Bahia;0,32543053452886206;0,592;;48,4952978056426;0,250783699059561;1,34796238244514122;0,00000000000000000;36,1755485893417
2904506;0;0;0;Sem cluster relevante;Brotas de Macaúbas;BA;Bahia;0,50214486057877383;0,570;;67,8974600188147;19,920037629350894;0,14111006585136407;0,00000000000000000;62,6293508936971
2904605;0;0;0;Sem cluster relevante;Brumado;BA;Bahia;1,79693608892303014;0,656;;79,9877725697982;61,422457713470557;2,56368453230079485;0,17118402282453637;77,8968820052986
2904704;0;0;0;Sem cluster relevante;Buerarema;BA;Bahia;0,16136049582257284;0,613;;79,9965028851198;71,323657982164718;6,22486448679839111;4,45882147228536496;87,3229585591887
2904753;0;0;0;Sem cluster relevante;Buritirama;BA;Bahia;0,20232175452767998;0,565;;47,2372881355932;6,627118644067796;0,20338983050847459;0,00000000000000000;43,4745762711864
2904803;0;0;0;Sem cluster relevante;Caatiba;BA;Bahia;0,48809804231842824;0,561;;69,6091954022989;69,333333333333343;4,64367816091954033;1,47126436781609193;74,0689655172414
2904852;0;0;0;Sem cluster relevante;Cabaceiras do Paraguaçu;BA;Bahia;0,84931398552640880;0,581;;82,2012699634405;6,638445256878970;1,09678660765826441;0,07696748123917645;54,9355397344622
2904902;0;0;0;Sem cluster relevante;Cachoeira;BA;Bahia;1,22863812409873652;0,647;;69,0800522485538;52,631087889531628;0,70908751632767308;1,11028176898675124;81,6197051688748
2905008;0;0;0;Sem cluster relevante;Caculé;BA;Bahia;4,39424570673060266;0,637;;90,3155742941101;17,056343426600229;1,32873386993739628;0,20442059537498403;70,6017631276351
2905107;0;0;0;Sem cluster relevante;Caém;BA;Bahia;1,20842357697324454;0,546;;74,3265993265993;14,085297418630752;2,80583613916947261;0,30864197530864196;68,3221099887767
2905156;0;0;0;Sem cluster relevante;Caetanos;BA;Bahia;3,03073079922326638;0,542;;30,8006535947712;14,351851851851851;20,17973856209150441;3,05010893246187376;32,9793028322440
2905206;0;0;0;Sem cluster relevante;Caetité;BA;Bahia;8,26581598544604645;0,625;;71,4285714285714;36,019923024677382;0,93955173194475894;1,44328729907176800;64,8856690061127
2905305;0;0;0;Sem cluster relevante;Cafarnaum;BA;Bahia;2,40035645890224281;0,584;;77,5197798417613;4,901960784313726;0,00000000000000000;0,12039903680770554;76,6253869969040
2905404;0;0;0;Sem cluster relevante;Cairu;BA;Bahia;12,16099531758522545;0,627;;84,4658708295072;35,935108662381388;2,86195286195286203;7,65228037955310736;95,7912457912458
2905503;0;0;0;Sem cluster relevante;Caldeirão Grande;BA;Bahia;0,81112024418672424;0,573;;90,2564102564103;15,617715617715620;0,25641025641025639;0,06993006993006994;69,7435897435897
2905602;0;0;0;Sem cluster relevante;Camacan;BA;Bahia;1,30181328071688807;0,581;;82,2755791505791;70,294401544401538;6,00868725868725839;4,62113899613899548;89,2495173745174
2905701;0;0;0;Sem cluster relevante;Camaçari;BA;Bahia;0,42053011872694057;0,694;;95,2213773783971;68,020336886528170;0,04638556408484011;1,60985193000327431;96,0226652599411
2905800;0;0;0;Sem cluster relevante;Camamu;BA;Bahia;0,32714922471772562;0,565;;63,7400555928304;35,972395284194377;4,46659637688105082;9,95878462570689216;73,2483465925429
2905909;0;0;0;Sem cluster relevante;Campo Alegre de Lourdes;BA;Bahia;0,23222726088684884;0,557;;26,2855444367383;0,435945704944021;2,71475279896958277;0,00000000000000000;26,0675715842663
2906006;0;0;0;Sem cluster relevante;Campo Formoso;BA;Bahia;6,89716462852399559;0,586;;67,7522954667106;14,365710050644379;0,32939432618273151;0,36233375880100466;71,5197430724256
2906105;0;0;0;Sem cluster relevante;Canápolis;BA;Bahia;0,89701063295592598;0,565;;58,9355911702449;28,364076201995768;1,84457211974599322;0,21167221046265497;50,8013305110372
2906204;0;0;0;Sem cluster relevante;Canarana;BA;Bahia;11,18810977122650918;0,587;;85,5370905587669;2,324181117533719;0,02408477842003854;0,10838150289017340;74,1209055876686
2906303;0;0;0;Sem cluster relevante;Canavieiras;BA;Bahia;0,97335380243629133;0,590;;65,9749642947156;52,633789800890526;4,12501050155422977;2,20952700999747975;80,0386457195665
2906402;0;0;0;Sem cluster relevante;Candeal;BA;Bahia;0,27740570123469621;0,587;;66,2220620043259;0,396539293439077;0,64888248017303529;0,18024513338139869;64,7801009372747
2906501;0;0;0;Sem cluster relevante;Candeias;BA;Bahia;0,33362279475478951;0,691;;95,9948564729019;73,491925418857079;0,02647403653417042;2,63605763775953994;93,7559093831549
2906600;0;0;0;Sem cluster relevante;Candiba;BA;Bahia;0,27298603034209334;0,591;;67,6267023889261;0,781424425094887;0,51350747934806873;0,13395847287340923;60,5938825630721
2906709;0;0;0;Sem cluster relevante;Cândido Sales;BA;Bahia;1,97413025241007856;0,601;;77,1766029246344;7,412823397075366;0,79865016872890882;0,53993250843644547;76,5466816647919
2906808;0;0;0;Sem cluster relevante;Cansanção;BA;Bahia;0,36315135862662096;0,557;;71,3489759083418;31,986188495644669;5,29702581809620998;0,28250804363179782;58,4713175861257
2906824;0;0;0;Sem cluster relevante;Canudos;BA;Bahia;0,21031572061130013;0,562;;69,3169298567756;25,100991553433712;2,57069408740359906;0,05508630187293427;67,6276165993390
2906857;0;0;0;Sem cluster relevante;Capela do Alto Alegre;BA;Bahia;1,07918967442262681;0,599;;81,9911812485496;39,568345323741006;0,41773033186354142;0,62659549779531210;82,1072174518450
2906873;0;0;0;Sem cluster relevante;Capim Grosso;BA;Bahia;0,99535958479866971;0,621;;93,9004554326610;11,784320104098894;0,47983083929733245;0,17891997397527651;88,5165907612232
2906899;0;0;0;Sem cluster relevante;Caraíbas;BA;Bahia;10,72038626465784006;0,555;;36,6956521739130;6,782608695652175;29,79710144927536675;0,14492753623188406;33,6231884057971
2906907;0;0;0;Sem cluster relevante;Caravelas;BA;Bahia;1,18082152593466461;0,616;;79,3433083956775;29,731227486838456;1,49625935162094770;0,74812967581047385;80,8811305070657
2907004;0;0;0;Sem cluster relevante;Cardeal da Silva;BA;Bahia;0,73590285792066068;0,552;;76,2123893805310;4,318584070796460;1,20353982300884965;0,21238938053097348;78,9380530973451
2907103;0;0;0;Sem cluster relevante;Carinhanha;BA;Bahia;0,11155810929715912;0,576;;72,6784178847807;32,674118658641440;1,64445399828030969;0,00000000000000000;65,6599312123818
2907202;0;0;0;Sem cluster relevante;Casa Nova;BA;Bahia;0,05317879828971459;0,570;;63,8685975479516;36,819172113289760;4,42564825494467939;0,06407791874919902;64,3342304241958
2907301;0;0;0;Sem cluster relevante;Castro Alves;BA;Bahia;11,88275609794525067;0,613;;89,1683896163565;60,429588789340684;1,60808637721111891;0,14932230645531816;65,8281644842637
2907400;0;0;0;Sem cluster relevante;Catolândia;BA;Bahia;2,58981410888456809;0,582;;65,2715939447907;2,048085485307213;15,85040071237756010;0,35618878005342830;39,7150489759573
2907509;0;0;0;Sem cluster relevante;Catu;BA;Bahia;0,98302180235485392;0,677;;90,0895979020979;73,087849650349639;0,04370629370629370;1,46416083916083917;89,4066870629371
2907558;0;0;0;Sem cluster relevante;Caturama;BA;Bahia;0,69913716957327166;0,571;;61,4593698175788;21,592039800995025;2,35489220563847423;0,03316749585406302;44,2454394693201
2907608;0;0;0;Sem cluster relevante;Central;BA;Bahia;2,65304981390925088;0,596;;92,9619280475026;0,943066713237862;0,01746419839329375;0,00000000000000000;82,3611596227733
2907707;0;0;0;Sem cluster relevante;Chorrochó;BA;Bahia;1,07934926931258546;0,600;;62,0099564405725;31,922837585563162;1,21344119477286871;0,21779713752333543;51,7734909769757
2907806;0;0;0;Sem cluster relevante;Cícero Dantas;BA;Bahia;1,29099521780415416;0,585;;82,5394105551748;52,064770390678547;0,12851267991775189;0,11137765592871832;81,1000685400960
2907905;0;0;0;Sem cluster relevante;Cipó;BA;Bahia;3,15320879882641369;0,601;;82,0521800035020;1,523375941166171;0,03502013657853266;0,08755034144633164;77,6571528628962
2908002;0;0;0;Sem cluster relevante;Coaraci;BA;Bahia;1,28631490458052378;0,613;;86,5635790421859;85,332532652754850;1,87659510583996392;4,24861131962167882;92,3134664464795
2908101;0;0;0;Sem cluster relevante;Cocos;BA;Bahia;13,89551188953686633;0,596;;65,9094519459889;1,270849880857824;23,06592533756949948;0,17474185861795077;56,6163621922160
2908200;0;0;0;Sem cluster relevante;Conceição da Feira;BA;Bahia;1,89234846327590311;0,634;;86,7542972699697;8,782319803553374;0,15889065434060379;0,20222446916076847;87,1587462082912
2908309;0;0;0;Sem cluster relevante;Conceição do Almeida;BA;Bahia;0,72921155109356295;0,606;;58,9310584958217;11,263927576601672;0,00000000000000000;0,20891364902506965;70,6998607242340
2908408;0;0;0;Sem cluster relevante;Conceição do Coité;BA;Bahia;1,83114552226654737;0,611;;83,9618765918988;33,127927039684494;0,20129816777586068;0,06162188809465122;87,7742174020212
2908507;0;0;0;Sem cluster relevante;Conceição do Jacuípe;BA;Bahia;1,26749150470626382;0,663;;51,7327505463628;6,080237277552294;0,00780518264127381;0,09366219169528567;95,9959413050265
2908606;0;0;0;Sem cluster relevante;Conde;BA;Bahia;1,70686392295723577;0,560;;67,9036458333333;16,223958333333332;5,57291666666666696;0,13020833333333331;76,1848958333333
2908705;0;0;0;Sem cluster relevante;Condeúba;BA;Bahia;3,76451421265295094;0,582;;74,8085106382979;5,140425531914894;5,36170212765957466;0,06808510638297872;49,0723404255319
2908804;0;0;0;Sem cluster relevante;Contendas do Sincorá;BA;Bahia;0,24111904684594668;0,577;;67,8524374176548;0,790513833992095;13,83399209486166015;0,13175230566534915;67,6548089591568
2908903;0;0;0;Sem cluster relevante;Coração de Maria;BA;Bahia;1,93305993583277758;0,592;;42,7451858486341;2,630989699955217;0,10076130765785939;0,02239140170174653;49,7648902821317
2909000;0;0;0;Sem cluster relevante;Cordeiros;BA;Bahia;26,49605679162034022;0,579;;70,4433497536946;4,926108374384237;5,03978779840848823;0,00000000000000000;46,1538461538462
2909109;0;0;0;Sem cluster relevante;Coribe;BA;Bahia;2,64380092988688409;0,600;;81,7087845968712;0,581628559967910;5,05415162454873634;0,00000000000000000;66,1452065784196
2909208;0;0;0;Sem cluster relevante;Coronel João Sá;BA;Bahia;4,04256678107205758;0,535;;57,1025555924328;35,097909060736811;1,55990706936608037;0,04978426817125788;60,4215068038500
2909307;0;0;0;Sem cluster relevante;Correntina;BA;Bahia;0,87348220489699380;0,603;;67,4233020039014;8,716084412129810;28,34722468522787864;0,24827097003014717;61,3672636992374
2909406;0;0;0;Sem cluster relevante;Cotegipe;BA;Bahia;0,09460657231759186;0,590;;66,8782588982090;0,317388347313534;10,58716844253003941;0,11335298118340513;55,9283609158921
2909505;0;0;0;Sem cluster relevante;Cravolândia;BA;Bahia;3,41338273737216102;0,599;;80,8523780111180;61,334156886967264;2,03829524397776396;6,42371834465719616;83,3230389129092
2909604;0;0;0;Sem cluster relevante;Crisópolis;BA;Bahia;0,70704688730671283;0,543;;76,9431833814830;1,623331957628284;0,11005640390700233;0,01375705048837529;68,5926537350392
2909703;0;0;0;Sem cluster relevante;Cristópolis;BA;Bahia;0,54142660958802769;0,614;;76,2566844919786;0,342245989304813;0,00000000000000000;0,00000000000000000;49,7112299465241
2909802;0;0;0;Sem cluster relevante;Cruz das Almas;BA;Bahia;0,69604584222835453;0,699;;86,5276627082758;55,095277547638780;0,01841112031667127;0,07824726134585290;92,4974684709565
2909901;0;0;0;Sem cluster relevante;Curaçá;BA;Bahia;0,10765483768929421;0,581;;77,2419928825623;36,218861209964416;1,95729537366548034;0,08896797153024910;59,7775800711744
2910008;0;0;0;Sem cluster relevante;Dário Meira;BA;Bahia;0,57519003010495207;0,540;;66,0427102557342;52,333245452148688;2,66279989454257837;11,73213814922225140;69,2591616134985
2910057;0;0;0;Sem cluster relevante;Dias D'ávila;BA;Bahia;0,24110670404938256;0,676;;92,1978957140647;57,136778585796065;0,08123162617979267;1,38480581773170353;91,3004796534117
2910107;0;0;0;Sem cluster relevante;Dom Basílio;BA;Bahia;8,06163335735086584;0,591;;64,7276573241671;3,331570597567425;12,03067160232681232;0,23796932839767318;66,1819143310418
2910206;0;0;0;Sem cluster relevante;Dom Macedo Costa;BA;Bahia;3,73547016847771518;0,632;;76,6320927394753;7,016473459426479;0,00000000000000000;0,18303843807199513;64,1854789505796
2910305;0;0;0;Sem cluster relevante;Elísio Medrado;BA;Bahia;0,00185164412876466;0,623;;73,8095238095238;0,603621730382294;0,36887994634473509;0,06706908115358820;77,4647887323944
2910404;0;0;0;Sem cluster relevante;Encruzilhada;BA;Bahia;28,78149488557613367;0,544;;65,2077480408103;44,137217211296765;3,04598550938932400;3,88880674256986536;68,7416826851989
2910503;0;0;0;Sem cluster relevante;Entre Rios;BA;Bahia;0,46365464165700387;0,615;;73,6380255941499;9,696526508226691;0,73126142595978061;0,13893967093235832;84,9213893967093
2910602;0;0;0;Sem cluster relevante;Esplanada;BA;Bahia;1,17942207252517717;0,589;;79,1851441241685;1,579822616407982;1,58906134515890618;0,00923872875092387;86,4005912786401
2910701;0;0;0;Sem cluster relevante;Euclides da Cunha;BA;Bahia;0,41218038168040411;0,567;;74,9861878453039;20,598526703499079;0,06906077348066297;0,33609576427255983;83,0064456721915
2910727;0;0;0;Sem cluster relevante;Eunápolis;BA;Bahia;0,18297508003545046;0,677;;85,7267125770207;30,022955176996497;0,56783858886069838;3,87096774193548399;94,3675244653860
2910750;0;0;0;Sem cluster relevante;Fátima;BA;Bahia;2,60533598311644488;0,559;;90,4278782531981;42,670195559476547;0,39700044111160121;0,16174092045287458;89,3398029701515
2910776;0;0;0;Sem cluster relevante;Feira da Mata;BA;Bahia;0,14461982147365343;0,588;;70,4453441295547;0,202429149797571;6,78137651821862342;0,00000000000000000;62,0445344129555
2910800;0;0;0;Sem cluster relevante;Feira de Santana;BA;Bahia;1,27433399772851530;0,712;;89,3317448283331;64,625979277230229;0,04422542330048016;0,75724755406332356;96,0630347665981
2910859;0;0;0;Sem cluster relevante;Filadélfia;BA;Bahia;0,79303236442320946;0,565;;82,0246913580247;23,193415637860081;1,23456790123456783;0,46090534979423869;76,4773662551440
2910909;0;0;0;Sem cluster relevante;Firmino Alves;BA;Bahia;0,32392197017336666;0,578;;95,3333333333333;83,444444444444443;0,50000000000000000;7,77777777777777768;93,1666666666667
2911006;0;0;0;Sem cluster relevante;Floresta Azul;BA;Bahia;2,65075127294195045;0,557;;78,9228379078198;69,212843086483687;10,15018125323666531;6,62868979803210756;76,7736923873641
2911105;0;0;0;Sem cluster relevante;Formosa do Rio Preto;BA;Bahia;0,86439879261395391;0,618;;71,5092024539877;7,509202453987730;5,80368098159509227;0,09815950920245399;76,9938650306748
2911204;0;0;0;Sem cluster relevante;Gandu;BA;Bahia;0,39551112072276540;0,632;;80,3916624642797;67,876954109934445;0,37821482602118006;10,46394351991931337;85,8631702807194
2911253;0;0;0;Sem cluster relevante;Gavião;BA;Bahia;4,44726201529964005;0,599;;74,1566265060241;4,518072289156627;7,71084337349397675;0,48192771084337355;68,2530120481928
2911303;0;0;0;Sem cluster relevante;Gentio do Ouro;BA;Bahia;0,02975740906261532;0,559;;72,9389208436045;16,050397151465351;0,00000000000000000;0,00000000000000000;56,4228978362093
2911402;0;0;0;Sem cluster relevante;Glória;BA;Bahia;2,64678411653182755;0,593;;74,4452662721893;23,261834319526628;4,19748520710059125;0,25887573964497046;82,7847633136095
2911501;0;0;0;Sem cluster relevante;Gongogi;BA;Bahia;0,43583830343681601;0,576;;73,1621349446123;70,191339375629397;8,71097683786505605;5,23665659617321300;86,6565961732125
2911600;0;0;0;Sem cluster relevante;Governador Mangabeira;BA;Bahia;0,65613284315037834;0,643;;67,6428571428571;1,185714285714286;0,18571428571428572;0,01428571428571429;64,4428571428572
2911659;0;0;0;Sem cluster relevante;Guajeru;BA;Bahia;0,14249480714662688;0,569;;58,9891696750902;0,433212996389892;7,25631768953068601;0,00000000000000000;31,3718411552347
2911709;0;0;0;Sem cluster relevante;Guanambi;BA;Bahia;0,78710934562474844;0,673;;85,8751110964811;60,423318739919019;0,79989466407715848;0,22054708844925769;83,6005135126238
2911808;1;0;1;Cluster de alto risco esporádico (1-2 anos);Guaratinga;BA;Bahia;1,88742715689705198;0,558;;65,4334621755936;52,733296521258978;4,19657647708448334;4,91441192711209229;67,5731639977913
2911857;0;0;0;Sem cluster relevante;Heliópolis;BA;Bahia;1,98563360577907311;0,563;;68,0062513954008;10,337128823398080;0,06697923643670461;0,04465282429113641;73,5208751953561
2911907;0;0;0;Sem cluster relevante;Iaçu;BA;Bahia;0,89632404813343003;0,574;;83,1223628691983;35,409726848767484;2,84254941150344198;0,47745947146346884;81,3568731956474
2912004;0;0;0;Sem cluster relevante;Ibiassucê;BA;Bahia;1,26975158444648772;0,611;;62,5601812517700;0,509770603228547;5,43755310110450285;0,00000000000000000;63,8346077598414
2912103;0;0;0;Sem cluster relevante;Ibicaraí;BA;Bahia;4,05633143117293393;0,625;;94,4932066851028;69,195623421906944;1,71936996513165807;14,47637369243717842;93,5072742575448
2912202;0;0;0;Sem cluster relevante;Ibicoara;BA;Bahia;3,00346064387110046;0,591;;56,5364277320799;18,463572267920096;1,90951821386603982;0,29377203290246767;92,7732079905993
2912301;0;0;0;Sem cluster relevante;Ibicuí;BA;Bahia;0,21496231583416966;0,584;;81,1253293187806;68,912307113285664;4,32818968761761358;3,87655250282273256;81,8780579601054
2912400;0;0;0;Sem cluster relevante;Ibipeba;BA;Bahia;0,21737976364658637;0,616;;84,4646846537206;1,031105000859254;0,32651658360543045;0,03437016669530847;77,3156899810964
2912509;0;0;0;Sem cluster relevante;Ibipitanga;BA;Bahia;0,51939041622167292;0,584;;58,2754994742376;1,177707676130389;5,38380651945320654;0,12618296529968456;52,8916929547844
2912608;0;0;0;Sem cluster relevante;Ibiquera;BA;Bahia;1,59340536865983640;0,511;;77,6049766718507;4,898911353032660;0,07776049766718507;0,00000000000000000;68,6625194401244
2912707;0;0;0;Sem cluster relevante;Ibirapitanga;BA;Bahia;0,55546455159958241;0,558;;60,3062567292738;50,185428879052516;2,24907285560473724;7,15396578538102634;63,1654504127288
2912806;0;0;0;Sem cluster relevante;Ibirapuã;BA;Bahia;28,85090625206251858;0,614;;62,1621621621622;50,450450450450447;1,42901522211867049;0,99409754582168375;73,7496116806462
2912905;0;0;0;Sem cluster relevante;Ibirataia;BA;Bahia;0,19740847490650248;0,576;;76,3489078547664;68,465210473021841;2,69058295964125582;12,17995081730073714;82,3810212642847
2913002;0;0;0;Sem cluster relevante;Ibitiara;BA;Bahia;0,75288081687481989;0,585;;67,9119150609516;8,297286669288242;3,53912701533621732;0,01966181675186787;45,2615021627998
2913101;0;0;0;Sem cluster relevante;Ibititá;BA;Bahia;1,70916776632797429;0,602;;95,2856904880893;2,098950524737631;0,00000000000000000;0,11660836248542396;87,6228552390472
2913200;0;0;0;Sem cluster relevante;Ibotirama;BA;Bahia;0,23298258377178907;0,636;;85,4925112058598;64,939324368645458;2,23023942276156095;0,06559527714004591;80,7805837979665
2913309;0;0;0;Sem cluster relevante;Ichu;BA;Bahia;6,09863615044041563;0,631;;89,3695352047860;4,187758858720662;0,00000000000000000;0,04601932811780948;90,3359410952600
2913408;0;0;0;Sem cluster relevante;Igaporã;BA;Bahia;1,04500825141379639;0,614;;80,3520261972984;44,453540728612360;0,18419975440032746;0,00000000000000000;56,6516577977896
2913457;0;0;0;Sem cluster relevante;Igrapiúna;BA;Bahia;0,20984842422125041;0,574;;50,0446030330062;23,684210526315788;5,04014272970561983;12,55575379125780699;55,6199821587868
2913507;0;0;0;Sem cluster relevante;Iguaí;BA;Bahia;1,01665656129755155;0,552;;65,6646962646208;60,118224122751855;6,23820903031065299;6,09986165262231150;70,7583951704188
2913606;0;0;0;Sem cluster relevante;Ilhéus;BA;Bahia;0,39717677563105547;0,690;;82,3987024299402;65,375604481422528;2,37287117412068582;4,43636800528639696;89,6584867689905
2913705;0;0;0;Sem cluster relevante;Inhambupe;BA;Bahia;0,07518387675524142;0,565;;83,2620144832126;35,121790651744568;0,07406188281764318;0,41145490454246220;68,8446346280448
2913804;0;0;0;Sem cluster relevante;Ipecaetá;BA;Bahia;2,58784898256681428;0,550;;67,2842515845929;2,852267186738177;0,17064846416382254;0,34129692832764508;39,1272549975622
2913903;0;0;0;Sem cluster relevante;Ipiaú;BA;Bahia;0,61102188454991357;0,670;;90,5207842080442;78,683554537492412;1,13184666172606629;8,05767028228794757;94,2868692312875
2914000;0;0;0;Sem cluster relevante;Ipirá;BA;Bahia;0,87322371382205732;0,549;;72,4466229909978;53,631521892821802;0,63156902483857280;0,65984823490597166;70,2314182023849
2914109;0;0;0;Sem cluster relevante;Ipupiara;BA;Bahia;2,36430484417411124;0,590;;83,3849619825401;43,424387496479866;0,95747676710785690;0,02816108138552520;75,4716981132076
2914208;0;0;0;Sem cluster relevante;Irajuba;BA;Bahia;3,61836839556395340;0,576;;66,8188041989959;0,912825193975354;0,27384755819260614;1,04974897307165671;80,2829758101324
2914307;0;0;0;Sem cluster relevante;Iramaia;BA;Bahia;2,74935731487031276;0,571;;57,7090119435396;4,370249728555917;3,31161780673181338;0,05428881650380022;55,6731813246471
2914406;0;0;0;Sem cluster relevante;Iraquara;BA;Bahia;1,58609098529281067;0,599;;84,9251166216548;2,565676405597840;0,12275963663147557;0,13503560029462311;61,2816106064326
2914505;0;0;0;Sem cluster relevante;Irará;BA;Bahia;2,63522231866936885;0,620;;71,6053108026554;1,347817340575337;0,04023335345001006;0,04023335345001006;56,2059947696640
2914604;0;0;0;Sem cluster relevante;Irecê;BA;Bahia;3,53134182036992339;0,691;;98,9531616826387;28,903513835969676;0,01154601085325020;0,18858484393641997;98,7953662009776
2914653;0;0;0;Sem cluster relevante;Itabela;BA;Bahia;0,44078023461289345;0,599;;80,5509355509355;4,771309771309771;1,04989604989604990;2,06860706860706856;88,1288981288981
2914703;0;0;0;Sem cluster relevante;Itaberaba;BA;Bahia;0,33307935123817789;0,620;;90,6309832787304;70,548440624601113;0,87222907713908859;0,51482789431136455;86,8442326511509
2914802;0;0;0;Sem cluster relevante;Itabuna;BA;Bahia;0,06793046318518449;0,712;;93,4631258598407;84,013562902127532;0,36269646058281568;6,23532191047928741;94,4233682133378
2914901;0;0;0;Sem cluster relevante;Itacaré;BA;Bahia;1,05514078242990506;0,583;;61,7510121457490;48,613360323886639;4,25101214574898734;3,71457489878542502;75,0404858299595
2915007;0;0;0;Sem cluster relevante;Itaeté;BA;Bahia;2,13946892425129809;0,572;;73,2363315696649;21,935626102292769;6,45943562610229272;0,06613756613756613;76,8298059964727
2915106;0;0;0;Sem cluster relevante;Itagi;BA;Bahia;0,61232439022267227;0,543;;76,6981943250215;61,435941530524509;3,71883061049011188;9,75924333619948392;77,2570937231298
2915205;0;0;0;Sem cluster relevante;Itagibá;BA;Bahia;0,09310696801776419;0,589;;77,9819886050358;66,531887520676349;2,57305642345157137;2,83036206579672855;83,3302701709245
2915304;0;0;0;Sem cluster relevante;Itagimirim;BA;Bahia;1,86248616604580697;0,634;;81,4498933901919;77,057569296375263;3,02771855010660973;3,96588486140724994;85,3731343283582
2915353;0;0;0;Sem cluster relevante;Itaguaçu da Bahia;BA;Bahia;0,03619573431996135;0,562;;61,3502935420744;6,409001956947162;1,71232876712328763;0,12230919765166340;58,7573385518591
2915403;0;0;0;Sem cluster relevante;Itaju do Colônia;BA;Bahia;4,47829146130561107;0,592;;81,0541310541310;79,059829059829056;10,92117758784425519;1,13960113960113962;82,6685660018993
2915502;0;0;0;Sem cluster relevante;Itajuípe;BA;Bahia;0,39195741351735491;0,599;;89,0984426346621;66,266609515645087;1,78596942420345761;14,17345335047864019;90,6129447063866
2915601;0;0;0;Sem cluster relevante;Itamaraju;BA;Bahia;1,00434116243367466;0,627;;82,6366855198418;75,196578838460482;0,80011036004966196;2,24858601186370555;85,1933600036787
2915700;0;0;0;Sem cluster relevante;Itamari;BA;Bahia;0,17570871672968794;0,578;;74,0508806262231;37,025440313111545;2,11350293542074352;9,51076320939334607;78,2387475538160
2915809;0;0;1;Sem cluster relevante;Itambé;BA;Bahia;0,04730521775541589;0,578;;83,5105067985167;80,247218788627933;3,68355995055624241;1,92830655129789874;83,5846724351051
2915908;0;0;0;Sem cluster relevante;Itanagra;BA;Bahia;0,55400578474592843;0,584;;75,3987433542774;7,878202029966168;2,89995166747220878;1,20831319478008692;81,7786370227163
2916005;0;0;0;Sem cluster relevante;Itanhém;BA;Bahia;2,03896691671674768;0,637;;72,2156920364384;68,586541287099621;1,88069350573023808;2,15985894798707045;79,1066705847781
2916104;0;0;0;Sem cluster relevante;Itaparica;BA;Bahia;0,30880044696448344;0,670;;94,2888076871024;52,239815942617405;0,04060089321965083;1,24509405873595891;90,4723237244553
2916203;0;0;0;Sem cluster relevante;Itapé;BA;Bahia;7,82664877105013534;0,599;;85,1682368775236;73,512786002691783;5,30282637954239533;5,59892328398384898;84,8183041722746
2916302;0;0;0;Sem cluster relevante;Itapebi;BA;Bahia;1,50728065842346792;0,572;;72,5981873111783;1,570996978851964;9,21450151057401712;12,74924471299093653;84,4712990936556
2916401;0;0;0;Sem cluster relevante;Itapetinga;BA;Bahia;0,85761151434857619;0,667;;96,6747028015629;94,026934907307336;1,01421564552331867;1,20957685593149877;95,7685593149888
2916500;0;0;0;Sem cluster relevante;Itapicuru;BA;Bahia;0,65250114592136688;0,486;;80,1957499338683;23,463539370425888;0,54668900449695801;0,12344590424124857;61,7670399435676
2916609;0;0;0;Sem cluster relevante;Itapitanga;BA;Bahia;0,37587254481448523;0,571;;82,5957727873184;82,926023778071340;1,71730515191545585;1,84940554821664471;81,0105680317041
2916708;0;0;0;Sem cluster relevante;Itaquara;BA;Bahia;0,03019809132171559;0,553;;77,6216216216216;52,756756756756765;3,13513513513513509;4,03603603603603567;75,2432432432432
2916807;0;0;0;Sem cluster relevante;Itarantim;BA;Bahia;0,32709024888571381;0,610;;82,8662420382166;79,617834394904463;6,27388535031847105;3,31210191082802563;85,0636942675159
2916856;0;0;0;Sem cluster relevante;Itatim;BA;Bahia;5,15166289050879467;0,582;;94,8754962107542;1,930710934680621;0,39696860339227719;0,88415734391916279;78,7982677733670
2916906;0;0;0;Sem cluster relevante;Itiruçu;BA;Bahia;0,89314938056914794;0,600;;85,4517996476214;39,793606846211929;0,85577649131638556;0,02516989680342311;88,1701485023911
2917003;0;0;0;Sem cluster relevante;Itiúba;BA;Bahia;0,94491973010659347;0,544;;61,4689546547293;25,026941888419135;2,25482881538589064;1,39268838597363831;56,8763989057448
2917102;0;0;0;Sem cluster relevante;Itororó;BA;Bahia;0,10659993444677669;0,594;;92,3188405797102;86,070853462157814;3,14009661835748810;3,07568438003220601;91,9323671497584
2917201;0;0;0;Sem cluster relevante;Ituaçu;BA;Bahia;2,01190846988896155;0,570;;60,9271523178808;6,913261185591988;19,15684057502826576;0,22613471167824262;49,1842997900178
2917300;0;0;0;Sem cluster relevante;Ituberá;BA;Bahia;0,32795694701355321;0,606;;67,5083965667372;47,505908695111330;8,78218683915909892;21,34593854957084247;82,7341709167807
2917334;0;0;0;Sem cluster relevante;Iuiu;BA;Bahia;1,08842223053480769;0,591;;77,9491573836047;44,130248500428451;0,22850614110254214;0,00000000000000000;71,9794344473008
2917359;0;0;0;Sem cluster relevante;Jaborandi;BA;Bahia;0,07516782229558884;0,613;;77,3411114522567;32,545287073994473;12,95670862757138408;0,06140620202640467;59,6868283696653
2917409;0;0;0;Sem cluster relevante;Jacaraci;BA;Bahia;4,94002863982639351;0,593;;91,3910186199343;16,516976998904710;1,31434830230010946;0,10952902519167579;44,4249726177437
2917508;0;0;0;Sem cluster relevante;Jacobina;BA;Bahia;1,56416465020537898;0,649;;90,8629113145889;58,993108357330058;0,94476979325071997;0,62445400718283883;93,7878150580775
2917607;0;0;0;Sem cluster relevante;Jaguaquara;BA;Bahia;1,94326286012235294;0,580;;83,7888784165881;45,604775369148605;1,27552623311341495;3,28620797989318270;87,4018221803330
2917706;0;0;0;Sem cluster relevante;Jaguarari;BA;Bahia;1,24457421887996511;0,659;;78,4588146024787;59,615546749852456;0,20234381586712755;0,00843099232779698;78,3070567405784
2917805;0;0;0;Sem cluster relevante;Jaguaripe;BA;Bahia;0,67840538664912398;0,556;;57,4137931034483;6,426332288401254;1,72413793103448265;2,13166144200626961;56,9592476489028
2917904;0;0;0;Sem cluster relevante;Jandaíra;BA;Bahia;5,83405555529966779;0,550;;76,1858664085189;2,484672474991933;2,45240400129073910;0,06453694740238787;82,7040980961601
2918001;0;0;0;Sem cluster relevante;Jequié;BA;Bahia;0,79830360222774166;0,665;;92,1251404373001;83,387779794313360;1,59363927059026866;3,50877192982456121;93,1535735891453
2918100;0;0;0;Sem cluster relevante;Jeremoabo;BA;Bahia;0,56182305749493666;0,547;;72,7876106194690;34,306784660766958;0,48672566371681414;0,36135693215339232;70,6047197640118
2918209;0;0;0;Sem cluster relevante;Jiquiriçá;BA;Bahia;31,50982284696877755;0,553;;49,2518703241895;31,566916043225270;5,11221945137157086;5,25768911055694055;56,7539484621779
2918308;0;0;0;Sem cluster relevante;Jitaúna;BA;Bahia;0,67649090071776985;0,575;;63,3274751025190;48,564733450497947;3,67115797695762591;10,25190392501464487;75,6102323764890
2918357;0;0;0;Sem cluster relevante;João Dourado;BA;Bahia;3,08660059087205196;0,593;;91,1030303030303;1,903030303030303;0,06060606060606061;0,02424242424242424;91,5272727272727
2918407;0;0;0;Sem cluster relevante;Juazeiro;BA;Bahia;0,61078494983523834;0,677;;94,8388079016481;78,094114363288043;1,12790063309608080;0,52271660386455043;89,4593943084789
2918456;0;0;0;Sem cluster relevante;Jucuruçu;BA;Bahia;53,77260703938537034;0,541;;39,0968848242355;35,124321234638465;6,14461274649899902;7,14489854244069722;56,9877107745070
2918506;0;0;0;Sem cluster relevante;Jussara;BA;Bahia;1,44464780393684999;0,571;;86,4568345323741;0,827338129496403;0,17985611510791369;0,00000000000000000;73,7410071942446
2918555;0;0;0;Sem cluster relevante;Jussari;BA;Bahia;1,86803447830209235;0,567;;86,8750000000000;66,778846153846146;5,67307692307692335;11,44230769230769162;84,8076923076923
2918605;0;0;0;Sem cluster relevante;Jussiape;BA;Bahia;1,88641745004056838;0,602;;75,9178839320963;17,726016581129095;9,71180418476115292;0,03947887879984208;45,2033162258192
2918704;0;0;0;Sem cluster relevante;Lafaiete Coutinho;BA;Bahia;1,77947447022628613;0,599;;60,5739238927012;51,278852152214597;0,49906425452276981;2,18340611353711767;84,0923268870867
2918753;0;0;0;Sem cluster relevante;Lagoa Real;BA;Bahia;1,71173215351129904;0,545;;67,3450720329293;0,251543562771553;5,78550194374571269;0,00000000000000000;31,8316944889092
2918803;0;0;0;Sem cluster relevante;Laje;BA;Bahia;3,35701179877561540;0,586;;45,4472949621162;21,627010501129867;1,79449687624617837;5,43666090655323675;50,3921307988834
2918902;0;0;0;Sem cluster relevante;Lajedão;BA;Bahia;8,98673801633322533;0,632;;73,4185733512786;25,437415881561236;2,08613728129205933;0,26917900403768508;75,7065948855989
2919009;0;0;0;Sem cluster relevante;Lajedinho;BA;Bahia;1,04449968832564610;0,546;;69,8275862068966;29,310344827586203;1,41065830721003138;0,00000000000000000;54,6238244514107
2919058;0;0;0;Sem cluster relevante;Lajedo do Tabocal;BA;Bahia;0,98352366741550001;0,584;;65,3479853479853;0,549450549450549;0,95238095238095244;0,03663003663003663;84,0659340659341
2919108;0;0;0;Sem cluster relevante;Lamarão;BA;Bahia;2,29735456070390542;0,518;;88,8534014691792;16,640051101884382;0,25550942190993292;0,38326413286489935;38,4541679974449
2919157;0;0;0;Sem cluster relevante;Lapão;BA;Bahia;1,58753551583345387;0,596;;94,6131805157593;16,790830945558739;0,01146131805157593;0,05730659025787965;84,6189111747851
2919207;0;0;0;Sem cluster relevante;Lauro de Freitas;BA;Bahia;0,26964362602041198;0,754;;97,7397678680513;72,826750949509972;0,01327985976468089;2,60550848583038963;99,1779766805662
2919306;0;1;1;Sem cluster relevante;Lençóis;BA;Bahia;2,17868891482755123;0,623;;87,9050778259760;47,512120438887472;2,80683847920387874;4,00612401122735395;84,6644552181679
2919405;0;0;0;Sem cluster relevante;Licínio de Almeida;BA;Bahia;2,04827240232534713;0,621;;76,4324862979571;1,096163428001993;3,91131041355256626;0,00000000000000000;58,1464872944694
2919504;0;0;0;Sem cluster relevante;Livramento de Nossa Senhora;BA;Bahia;0,31901523448477204;0,611;;71,3664174031271;33,738953093133922;4,73827328348062515;0,48946295037389537;64,1876274643100
2919553;0;0;0;Sem cluster relevante;Luís Eduardo Magalhães;BA;Bahia;1,95902489888833409;0,716;;92,0505200594354;65,202795663419735;0,03577128391392879;0,03852292113807716;99,0424302459964
2919603;0;0;0;Sem cluster relevante;Macajuba;BA;Bahia;1,26908542835332350;0,524;;70,7291935068281;39,190930172635916;0,85029631538263339;0,07729966503478485;66,6580778149961
2919702;0;0;0;Sem cluster relevante;Macarani;BA;Bahia;1,28261385834628339;0,605;;85,3018372703412;83,367868490122945;3,79886724685730082;2,73518441773725662;83,7822903715983
2919801;0;0;0;Sem cluster relevante;Macaúbas;BA;Bahia;0,05912957450994483;0,609;;82,9297734857630;27,025491727614853;0,75268053681743952;0,07810835759426259;55,0663921039551
2919900;0;0;0;Sem cluster relevante;Macururé;BA;Bahia;0,28048380753697033;0,604;;69,9507389162562;35,550082101806240;0,28735632183908044;0,12315270935960591;31,3218390804598
2919926;0;0;0;Sem cluster relevante;Madre de Deus;BA;Bahia;2,80352389225754273;0,708;;99,5718293223092;91,554702495201539;0,00000000000000000;2,87907869481765832;99,5423003100546
2919959;0;0;0;Sem cluster relevante;Maetinga;BA;Bahia;0,40800494289289418;0,538;;61,0496104961050;38,376383763837637;5,82205822058220601;0,04100041000410004;50,0205002050021
2920007;0;0;0;Sem cluster relevante;Maiquinique;BA;Bahia;0,10802677227786055;0,576;;79,1049479987394;73,179955877718257;6,74440592499212066;5,26315789473684159;82,7607942010715
2920106;0;0;0;Sem cluster relevante;Mairi;BA;Bahia;1,26279732138044132;0,572;;66,6300768386389;48,094715383409124;1,66222361612043290;0,26658303277403167;77,4188489885526
2920205;0;0;0;Sem cluster relevante;Malhada;BA;Bahia;0,72383731239432336;0,562;;59,8628143837040;0,602785283724797;2,47349823321554751;0,08314279775514445;66,5142382041156
2920304;0;0;0;Sem cluster relevante;Malhada de Pedras;BA;Bahia;1,44867639565263495;0,578;;48,1431917029107;12,244897959183673;10,94011375041819889;0,16728002676480427;42,2549347607896
2920403;0;0;0;Sem cluster relevante;Manoel Vitorino;BA;Bahia;1,76247965169127818;0,566;;57,8238341968912;0,476683937823834;6,79792746113989654;0,64248704663212441;57,5958549222798
2920452;0;0;0;Sem cluster relevante;Mansidão;BA;Bahia;0,17554588770026230;0,599;;61,7861142217245;0,307950727883539;7,02687569988801730;0,00000000000000000;43,1410974244121
2920502;0;0;0;Sem cluster relevante;Maracás;BA;Bahia;0,80448275795576152;0,607;;54,9899799599198;2,444889779559118;2,59519038076152286;0,24048096192384769;79,9599198396794
2920601;0;0;0;Sem cluster relevante;Maragogipe;BA;Bahia;2,05747338404110902;0,621;;64,7340384466919;42,870377518721533;1,04994981857484748;12,12846444839033389;66,7721763298078
2920700;0;0;0;Sem cluster relevante;Maraú;BA;Bahia;0,78279866652565333;0,593;;22,1445221445221;9,242424242424242;2,70396270396270433;1,67832167832167833;70,9324009324009
2920809;0;0;0;Sem cluster relevante;Marcionílio Souza;BA;Bahia;1,57171689913042956;0,561;;74,9922910884983;0,400863398088190;5,48874498920752352;0,06167129201356768;74,5297563983966
2920908;0;0;0;Sem cluster relevante;Mascote;BA;Bahia;3,31730495109195589;0,581;;84,2401500938086;57,348342714196377;4,27350427350427342;1,75109443402126330;86,4707108609548
2921005;0;0;0;Sem cluster relevante;Mata de São João;BA;Bahia;2,32628466895208907;0,668;;89,7683523654160;47,732463295269170;0,26753670473083196;1,52039151712887444;94,1011419249592
2921054;0;0;0;Sem cluster relevante;Matina;BA;Bahia;0,13091332354755478;0,572;;45,1702786377709;0,185758513931889;3,46749226006191957;0,00000000000000000;43,3746130030960
2921104;0;0;0;Sem cluster relevante;Medeiros Neto;BA;Bahia;0,60212171529558511;0,625;;84,2266824085006;48,795749704840610;0,66115702479338845;3,74262101534828817;86,9657615112161
2921203;0;0;0;Sem cluster relevante;Miguel Calmon;BA;Bahia;9,23951062013662572;0,586;;87,4542715730579;44,071443942328386;1,17279965569184430;2,60383042823326871;74,4458790617603
2921302;0;0;0;Sem cluster relevante;Milagres;BA;Bahia;3,34248702345480364;0,622;;90,7676869041646;3,085800301053688;0,07526342197691922;2,33316608128449587;81,7611640742599
2921401;0;0;0;Sem cluster relevante;Mirangaba;BA;Bahia;3,48104260540797394;0,542;;68,9024390243902;18,489956958393115;0,55595408895265430;0,01793400286944046;82,8550932568149
2921450;0;0;0;Sem cluster relevante;Mirante;BA;Bahia;9,17174114397188056;0,527;;28,5382830626450;14,472157772621811;8,26566125290023201;0,84106728538283060;33,3526682134571
2921500;0;0;0;Sem cluster relevante;Monte Santo;BA;Bahia;0,31964944792673688;0,506;;41,7277672658467;4,127246925260170;1,29493850520340592;0,01773888363292337;50,7627719962157
2921609;0;0;0;Sem cluster relevante;Morpará;BA;Bahia;1,55661071673148776;0,558;;67,4981923355025;30,332610267534342;0,32537960954446854;0,00000000000000000;61,8221258134490
2921708;0;0;0;Sem cluster relevante;Morro do Chapéu;BA;Bahia;1,58100723457207226;0,588;;69,2812657801717;40,085844133984175;2,76889412556808656;0,05049654940245749;79,1196768220838
2921807;0;0;0;Sem cluster relevante;Mortugaba;BA;Bahia;4,93578431284146379;0,618;;65,6860192658162;4,842488935173132;2,99401197604790426;0,00000000000000000;56,1051809424629
2921906;0;1;1;Sem cluster relevante;Mucugê;BA;Bahia;1,65608938182923038;0,606;;63,8665404637956;34,477046852815903;3,57311878845243758;0,07098911500236631;70,6578324656886
2922003;0;0;0;Sem cluster relevante;Mucuri;BA;Bahia;1,87525213147986447;0,665;;50,0822368421053;36,333732057416270;0,33642344497607657;0,73265550239234445;89,4363038277512
2922052;0;0;0;Sem cluster relevante;Mulungu do Morro;BA;Bahia;8,43021854303532514;0,566;;70,8351843625056;0,621945801865837;0,26654820079964464;0,04442470013327410;68,1030653043092
2922102;0;0;0;Sem cluster relevante;Mundo Novo;BA;Bahia;0,45640368507264023;0,590;;73,5746465744912;23,939723473667858;0,71461861115426439;14,21469628709025912;79,8508622028895
2922201;0;0;0;Sem cluster relevante;Muniz Ferreira;BA;Bahia;2,47445929537280529;0,617;;61,4218693612414;27,426921688920970;0,25261638397690367;20,24539877300613355;82,5333814507398
2922250;0;0;0;Sem cluster relevante;Muquém do São Francisco;BA;Bahia;0,39447194063708091;0,549;;73,3372921615202;9,530878859857483;2,70190023752969122;0,08907363420427554;54,7209026128266
2922300;0;0;0;Sem cluster relevante;Muritiba;BA;Bahia;0,17841631437750016;0,660;;89,9709738764888;43,449104193774396;0,01000900810729657;0,22019817836052449;90,5414873386047
2922409;0;0;0;Sem cluster relevante;Mutuípe;BA;Bahia;4,80309178027118833;0,601;;54,9061662198392;46,943699731903486;1,68900804289544215;3,94101876675603169;56,6621983914209
2922508;0;0;0;Sem cluster relevante;Nazaré;BA;Bahia;0,58098105722008397;0,641;;80,2547131969515;53,449659045326911;0,63176895306859204;19,95587645407140087;82,1099077416767
2922607;0;0;0;Sem cluster relevante;Nilo Peçanha;BA;Bahia;2,83707866313977375;0,547;;62,3718546132339;21,481826654240447;4,24044734389561917;10,55452003727865851;64,8415657036347
2922656;0;0;0;Sem cluster relevante;Nordestina;BA;Bahia;0,99149160965220462;0,560;;57,6499388004896;1,766043014513027;0,20982689281342895;0,01748557440111908;44,1685609372268
2922706;0;0;0;Sem cluster relevante;Nova Canaã;BA;Bahia;1,77052095814435972;0,545;;56,9769769769770;48,648648648648653;3,96396396396396389;2,04204204204204176;67,0870870870871
2922730;0;0;0;Sem cluster relevante;Nova Fátima;BA;Bahia;1,48230460158491306;0,597;;91,1861074705111;69,560943643512445;0,42595019659239847;0,03276539973787680;88,2372214941022
2922755;0;0;0;Sem cluster relevante;Nova Ibiá;BA;Bahia;0,01058256032201902;0,570;;44,9396084964598;46,897126197417741;1,37442732194918782;9,82923781757600956;53,9775093710954
2922805;0;0;0;Sem cluster relevante;Nova Itarana;BA;Bahia;0,02343579190825452;0,524;;78,9849624060150;2,368421052631579;0,56390977443609014;0,11278195488721805;79,6616541353383
2922854;0;0;0;Sem cluster relevante;Nova Redenção;BA;Bahia;2,14509324690102243;0,567;;91,1564625850340;2,418745275888133;3,28798185941043064;0,00000000000000000;67,4225245653817
2922904;0;0;0;Sem cluster relevante;Nova Soure;BA;Bahia;5,88453758536441640;0,555;;76,3203313772868;1,576343343688873;0,01150615579334944;0,02301231158669888;69,4511563686572
2923001;0;0;0;Sem cluster relevante;Nova Viçosa;BA;Bahia;0,05077347739338971;0,654;;58,4996709804782;19,134313080353881;0,24128098267163853;1,06748555969876446;91,1968999049499
2923035;0;0;0;Sem cluster relevante;Novo Horizonte;BA;Bahia;0,86943663706770624;0,597;;90,5163329820864;0,131717597471022;0,00000000000000000;0,00000000000000000;45,7060063224447
2923050;0;0;0;Sem cluster relevante;Novo Triunfo;BA;Bahia;0,35215220730972380;0,554;;85,3770692826487;65,113427345187006;0,09196811771919068;0,36787247087676272;71,3059472716125
2923100;0;0;0;Sem cluster relevante;Olindina;BA;Bahia;0,59330582317531411;0,559;;89,2037948841119;46,907649813858534;0,02401825387294344;0,18013690404707577;78,3595532604780
2923209;0;0;0;Sem cluster relevante;Oliveira dos Brejinhos;BA;Bahia;0,62124342976014757;0,554;;80,7569721115538;5,949535192563081;0,35856573705179284;0,01328021248339973;61,2881806108898
2923308;0;0;0;Sem cluster relevante;Ouriçangas;BA;Bahia;1,55762586155977689;0,607;;74,3083003952569;12,001437297879985;0,03593244699964068;0,00000000000000000;71,4337046352857
2923357;0;0;0;Sem cluster relevante;Ourolândia;BA;Bahia;1,86072794128328778;0,560;;54,1475409836066;15,672131147540982;0,03278688524590164;0,01639344262295082;83,5901639344262
2923407;0;0;0;Sem cluster relevante;Palmas de Monte Alto;BA;Bahia;0,62117031461170091;0,586;;46,2719622028643;0,782518824745312;3,92735862985383122;0,04429351838181013;53,4179831684630
2923506;0;0;0;Sem cluster relevante;Palmeiras;BA;Bahia;1,17089476601548581;0,643;;64,1146993318486;31,236080178173719;2,89532293986636979;0,02783964365256125;74,5545657015590
2923605;0;0;0;Sem cluster relevante;Paramirim;BA;Bahia;1,91236349754826152;0,615;;89,1895888790299;27,832002366163856;0,16267376515823720;3,75628512274475002;69,5652173913043
2923704;0;0;0;Sem cluster relevante;Paratinga;BA;Bahia;0,38685052352187582;0,590;;46,7029307282416;1,087921847246892;3,95204262877442281;0,01110124333925400;40,8858792184725
2923803;0;0;0;Sem cluster relevante;Paripiranga;BA;Bahia;6,61134451818700253;0,577;;64,7144039735099;21,709437086092713;0,03104304635761590;0,02069536423841060;68,0980960264901
2923902;0;0;0;Sem cluster relevante;Pau Brasil;BA;Bahia;1,23382496657789287;0,583;;71,1293260473588;64,146933819064969;12,08257437765634457;3,24833029751062519;69,6417729204614
2924009;0;0;0;Sem cluster relevante;Paulo Afonso;BA;Bahia;0,54780300570448970;0,674;;87,2014444157854;82,445189579571831;3,28346659788496265;0,50038689708537532;93,5439773020377
2924058;0;0;0;Sem cluster relevante;Pé de Serra;BA;Bahia;0,96038943453817294;0,587;;67,1996719967200;13,817138171381712;2,84952849528495289;0,02050020500205002;70,8282082820828
2924108;0;0;0;Sem cluster relevante;Pedrão;BA;Bahia;1,89168364086378138;0,588;;80,0664451827243;5,030849549121974;0,28476506881822494;0,80683436165163747;55,1020408163265
2924207;0;0;0;Sem cluster relevante;Pedro Alexandre;BA;Bahia;1,30185011616074497;0,513;;39,6226415094340;7,483570065719737;6,14797540809836729;0,19079923680305277;45,2194191223235
2924306;0;0;0;Sem cluster relevante;Piatã;BA;Bahia;0,83473242300360639;0,571;;57,2279951100245;3,499388753056234;2,09352078239608774;0,04584352078239609;61,7817848410758
2924405;0;0;0;Sem cluster relevante;Pilão Arcado;BA;Bahia;0,31155778782375471;0,506;;43,1487695749441;19,071588366890381;8,48247576435495887;0,07457121551081282;41,0980611483967
2924504;0;0;0;Sem cluster relevante;Pindaí;BA;Bahia;3,15858857743053401;0,603;;38,1227580709446;0,378636907134316;0,87684336388999595;0,05978477481068154;38,5412514946194
2924603;0;0;0;Sem cluster relevante;Pindobaçu;BA;Bahia;0,19190997992542350;0,577;;73,5759727770380;35,596981802041725;1,47950880307737820;0,22192632046160676;86,6696256842728
2924652;0;0;0;Sem cluster relevante;Pintadas;BA;Bahia;1,87523767778288120;0,612;;66,7694896242288;47,952888390353337;1,57038698822209755;0,50476724621424562;73,5277621985418
2924678;0;0;0;Sem cluster relevante;Piraí do Norte;BA;Bahia;2,99387083768563178;0,533;;44,9036668738347;30,018645121193288;2,64139216904909890;3,32504661280298297;51,3362336855189
2924702;0;0;0;Sem cluster relevante;Piripá;BA;Bahia;49,81450584564483819;0,575;;65,0276582667486;4,609711124769515;11,12476951444376105;0,09219422249539029;62,3540258143823
2924801;0;0;0;Sem cluster relevante;Piritiba;BA;Bahia;1,90408878899408918;0,578;;83,6145310837513;36,206110351117196;8,45113239094087199;0,15199878400972794;83,4777321781426
2924900;0;0;0;Sem cluster relevante;Planaltino;BA;Bahia;2,29611339813528792;0,572;;68,7200547570157;0,889801505817933;0,37645448323066394;0,03422313483915126;72,8610540725530
2925006;0;0;0;Sem cluster relevante;Planalto;BA;Bahia;27,73788170625252647;0,560;;68,7357151449537;0,421027306628173;6,91687718031998067;3,69301094670997232;79,2613978106580
2925105;0;0;0;Sem cluster relevante;Poções;BA;Bahia;0,83762119306336413;0,604;;82,8994959976282;67,554106136970063;2,14645715979839924;1,25111176993774098;81,3697005632968
2925204;0;0;0;Sem cluster relevante;Pojuca;BA;Bahia;0,26949120016763423;0,666;;85,6539728109432;80,021953896816683;0,06755045174364604;1,56210419657181454;94,3848686988094
2925253;0;0;0;Sem cluster relevante;Ponto Novo;BA;Bahia;1,22822941442960420;0,580;;87,3373532211996;3,141859727070771;1,36464614408124407;0,12694382735639478;79,8635353855919
2925303;0;0;1;Sem cluster relevante;Porto Seguro;BA;Bahia;0,40002847135737357;0,676;;65,6871534349371;59,363482418567578;0,40342663611913537;0,22910648470963244;91,6392735000166
2925402;0;0;0;Sem cluster relevante;Potiraguá;BA;Bahia;0,50727032607756850;0,625;;87,0658682634730;76,197604790419163;3,74251497005987988;5,00000000000000000;90,8083832335329
2925501;0;0;0;Sem cluster relevante;Prado;BA;Bahia;1,04880775384918690;0,621;;60,6277244986922;5,614646904969486;2,25806451612903203;0,46207497820401050;71,1508282476024
2925600;0;0;0;Sem cluster relevante;Presidente Dutra;BA;Bahia;1,97851026850467870;0,614;;96,4451027587484;1,777448620625810;0,00000000000000000;0,00000000000000000;91,4089983336419
2925709;0;0;0;Sem cluster relevante;Presidente Jânio Quadros;BA;Bahia;1,16479920588268970;0,542;;41,7249943553850;18,627229622939716;7,90246105215624262;0,54188304357642814;42,9668096635809
2925758;0;0;0;Sem cluster relevante;Presidente Tancredo Neves;BA;Bahia;56,95333620859997126;0,559;;54,8902821316614;27,377220480668758;1,04493207941483801;4,95297805642633282;59,2371995820272
2925808;0;0;0;Sem cluster relevante;Queimadas;BA;Bahia;0,50553051306332020;0,592;;66,6629760850310;33,547387068201949;5,17050487156775862;1,15146147032772372;69,6634189548273
2925907;0;0;0;Sem cluster relevante;Quijingue;BA;Bahia;1,88521582285167444;0,544;;78,3549783549784;8,202323991797677;0,20505809979494191;0,12531328320802004;77,3524720893142
2925931;0;0;0;Sem cluster relevante;Quixabeira;BA;Bahia;1,47829234254598973;0,578;;82,8808864265928;0,470914127423823;1,27423822714681445;0,00000000000000000;77,0360110803324
2925956;0;0;0;Sem cluster relevante;Rafael Jambeiro;BA;Bahia;2,90898892138082488;0,564;;62,3419626730885;20,018061408789887;1,02347983142685139;0,51173991571342570;57,2396146899458
2926004;0;0;0;Sem cluster relevante;Remanso;BA;Bahia;0,28479225008729769;0,579;;63,4775436754892;54,247581914973388;0,57734123116143055;0,04498762840218940;65,6819374671965
2926103;0;0;0;Sem cluster relevante;Retirolândia;BA;Bahia;1,47858400751956709;0,636;;83,0146910847253;28,818675789897362;0,34212115113704972;0,12074864157778226;88,1465083517810
2926202;0;0;0;Sem cluster relevante;Riachão das Neves;BA;Bahia;1,60922454734247644;0,578;;68,4430803571429;0,781250000000000;7,63113839285714235;0,13950892857142858;54,8967633928571
2926301;0;0;0;Sem cluster relevante;Riachão do Jacuípe;BA;Bahia;1,24771061575478015;0,628;;86,1142217245241;59,550471924492079;0,46392577187649980;1,08782594784834430;83,0507118860982
2926400;0;0;0;Sem cluster relevante;Riacho de Santana;BA;Bahia;0,50086952040871890;0,615;;63,7263637263637;0,752400752400752;0,68310068310068306;0,00000000000000000;49,8762498762499
2926509;0;0;0;Sem cluster relevante;Ribeira do Amparo;BA;Bahia;1,41604715268563708;0,512;;82,1866555809603;3,824568696736645;0,47807108709208063;0,24942839326543340;45,3959675743089
2926608;0;0;0;Sem cluster relevante;Ribeira do Pombal;BA;Bahia;1,66369454327291688;0,601;;90,6024970211884;23,524840698337044;0,01036108376936228;0,22794384292597006;77,2418795005958
2926657;0;0;0;Sem cluster relevante;Ribeirão do Largo;BA;Bahia;0,14445762131157636;0,540;;54,0810157194680;23,972188633615477;13,96614268440145068;1,84401451027811358;47,4002418379686
2926707;0;0;0;Sem cluster relevante;Rio de Contas;BA;Bahia;0,03308529681333502;0,605;;80,3336259877085;29,170324846356454;4,52151009657594383;0,98770851624231781;67,0324846356453
2926806;0;0;0;Sem cluster relevante;Rio do Antônio;BA;Bahia;0,03873817264986414;0,576;;66,9417897480452;24,218071242397915;8,01476976542137365;0,02172024326672459;49,6090356211990
2926905;0;0;0;Sem cluster relevante;Rio do Pires;BA;Bahia;0,34061543642142222;0,594;;65,3725378247217;5,224093634027976;25,00713673993719510;0,08564087924636027;62,5178418498430
2927002;0;0;0;Sem cluster relevante;Rio Real;BA;Bahia;1,88523065916773058;0,572;;78,6612864941847;3,093599177150091;0,25318458738824273;1,22636284516180072;83,6933301685260
2927101;0;0;0;Sem cluster relevante;Rodelas;BA;Bahia;0,42289149997662068;0,632;;96,2800875273523;71,053454204438879;1,53172866520787743;0,34385745545482965;95,0296967802438
2927200;0;0;0;Sem cluster relevante;Ruy Barbosa;BA;Bahia;0,45572798593244213;0,610;;80,7817589576547;63,508044615536477;0,47379330766952915;0,49353469548909285;84,1575362748001
2927309;0;0;0;Sem cluster relevante;Salinas da Margarida;BA;Bahia;0,41192107784777210;0,617;;98,1801125703565;23,095684803001877;0,09380863039399624;0,58161350844277682;98,7992495309568
2927408;0;0;0;Sem cluster relevante;Salvador;BA;Bahia;0,33001364053589544;0,759;;99,1253683853637;94,972224395587205;0,00845004303262656;1,36786375609628874;98,1418251049735
2927507;0;0;0;Sem cluster relevante;Santa Bárbara;BA;Bahia;1,66578994355860344;0,583;;71,8307924735613;9,380579590715561;0,30215629721192144;0,06867188572998215;68,6032138442522
2927606;0;0;0;Sem cluster relevante;Santa Brígida;BA;Bahia;0,45411278709689551;0,546;;49,4662600076249;31,910026686999622;0,66717499046892870;0,11437285550895920;49,0278307281738
2927705;0;0;0;Sem cluster relevante;Santa Cruz Cabrália;BA;Bahia;1,08428920718890875;0,654;;68,4684684684685;36,754839946329312;1,34176729921410787;0,09584052137243627;82,8157945179222
2927804;0;0;0;Sem cluster relevante;Santa Cruz da Vitória;BA;Bahia;0,93721993438199813;0,610;;90,4846335697399;75,118203309692660;2,18676122931442096;6,85579196217494147;86,5248226950355
2927903;0;0;0;Sem cluster relevante;Santa Inês;BA;Bahia;0,42448959659256191;0,574;;89,8639266870314;77,478478200499850;0,49986114968064421;0,38878089419605666;95,9455706748126
2928000;0;0;0;Sem cluster relevante;Santaluz;BA;Bahia;0,91487452141481018;0,598;;73,6576308949127;53,776457482361685;2,57705161529892335;0,17823988117341255;80,6164129223914
2928059;0;0;0;Sem cluster relevante;Santa Luzia;BA;Bahia;8,94938789439197713;0,556;;62,2812565886570;51,612903225806448;9,76175416403120444;2,61437908496732030;63,9257853679106
2928109;1;0;1;Cluster de alto risco esporádico (1-2 anos);Santa Maria da Vitória;BA;Bahia;0,33941681950899028;0,614;;83,6930274675521;19,853607002716572;3,49381225475399937;0,03773015393902807;70,0875339571385
2928208;0;0;0;Sem cluster relevante;Santana;BA;Bahia;0,10103325653115031;0,608;;74,7528879361677;5,263784685006550;1,61962605692509221;0,27390734786233178;57,4133619149696
2928307;0;0;0;Sem cluster relevante;Santanópolis;BA;Bahia;1,46406979316991315;0,592;;65,0181338608638;1,681503461918892;0,06594131223211341;0,23079459281239698;66,6996373227827
2928406;0;0;0;Sem cluster relevante;Santa Rita de Cássia;BA;Bahia;0,03127805132805447;0,605;;62,5095806416293;12,153728238256871;7,40172999014562549;0,03284791415745100;65,7505748384978
2928505;0;0;0;Sem cluster relevante;Santa Terezinha;BA;Bahia;0,26003053415916672;0,587;;86,1699476700723;9,244953899825568;0,57313730376277094;0,04983802641415400;65,5619237478196
2928604;0;0;0;Sem cluster relevante;Santo Amaro;BA;Bahia;0,74453478358418068;0,646;;82,0473126602487;58,395820231241835;0,15480625030235595;6,25030235595762207;87,3639398190702
2928703;0;0;0;Sem cluster relevante;Santo Antônio de Jesus;BA;Bahia;2,97803634654373450;0,700;;91,6416115453999;73,581008653821016;0,03660226411148004;2,12293131846584249;90,0546419514236
2928802;0;0;0;Sem cluster relevante;Santo Estêvão;BA;Bahia;0,58892124118593125;0,626;;87,5007180194152;19,254408639209604;0,20104543626859669;0,13785972772703772;69,6306508127980
2928901;0;0;1;Sem cluster relevante;São Desidério;BA;Bahia;2,06484914242989159;0,579;;73,8888888888889;1,101532567049808;6,29310344827586210;0,11494252873563218;65,1436781609195
2928950;0;0;0;Sem cluster relevante;São Domingos;BA;Bahia;1,34651449587296357;0,640;;92,0806985847636;73,682625715146045;0,24089129780186691;0,12044564890093346;88,5877747666366
2929008;0;0;0;Sem cluster relevante;São Félix;BA;Bahia;0,94381505080407269;0,639;;64,1730279898219;60,585241730279890;0,27989821882951654;2,54452926208651364;66,0559796437659
2929057;0;0;1;Sem cluster relevante;São Félix do Coribe;BA;Bahia;0,06556943039824990;0,639;;80,5919180421172;4,040978941377348;3,58565737051792865;0,07588692847656991;76,0956175298805
2929107;0;0;0;Sem cluster relevante;São Felipe;BA;Bahia;4,25132636510280371;0,616;;50,4632152588556;16,566757493188010;0,05449591280653951;1,34877384196185290;77,5068119891008
2929206;0;0;0;Sem cluster relevante;São Francisco do Conde;BA;Bahia;0,58983571776022281;0,674;;95,3954882924043;55,582524271844655;0,52826956025128502;10,22272986864648736;96,7946887492861
2929255;0;0;0;Sem cluster relevante;São Gabriel;BA;Bahia;2,77501719536616998;0,592;;81,7132157902949;1,778748634732407;0,20283975659229209;0,01560305819940708;83,5543766578249
2929305;0;0;0;Sem cluster relevante;São Gonçalo dos Campos;BA;Bahia;8,47832765886140294;0,627;;82,1918830199940;13,197552969262908;0,58191584601611457;0,38048343777976723;85,2432109817965
2929354;0;0;0;Sem cluster relevante;São José da Vitória;BA;Bahia;0,22182026703170707;0,546;;83,8427947598253;75,448811256671519;7,61766132945172192;4,60941290635613754;83,6001940805434
2929370;0;0;0;Sem cluster relevante;São José do Jacuípe;BA;Bahia;3,35341995344059418;0,552;;83,9622641509434;35,193920335429766;0,73375262054507340;0,13102725366876311;81,1844863731656
2929404;0;0;0;Sem cluster relevante;São Miguel das Matas;BA;Bahia;1,18955284085958435;0,593;;52,7777777777778;19,025157232704405;1,20545073375262057;1,91299790356394128;41,9287211740042
2929503;0;0;0;Sem cluster relevante;São Sebastião do Passé;BA;Bahia;5,50568837579266201;0,657;;75,8791644632470;56,643310417768376;0,05288207297726071;4,56107879428873542;85,8209941829720
2929602;0;0;0;Sem cluster relevante;Sapeaçu;BA;Bahia;4,77426424525843007;0,614;;81,5007078810760;10,224948875255624;0,03146138115463269;0,01573069057731634;74,8466257668712
2929701;0;0;0;Sem cluster relevante;Sátiro Dias;BA;Bahia;0,45315052508516629;0,527;;86,2762391956253;24,695713529723054;0,05291938613512083;0,00000000000000000;60,7161756923620
2929750;0;0;0;Sem cluster relevante;Saubara;BA;Bahia;0,62686338972436928;0,617;;96,5470548408937;33,039945836154367;0,04513653802753329;1,17354998871586558;95,5089144662604
2929800;0;0;0;Sem cluster relevante;Saúde;BA;Bahia;1,09892877023081037;0,549;;76,8511498610058;29,466767753348496;5,00379075056861211;0,00000000000000000;73,8943644174880
2929909;0;0;0;Sem cluster relevante;Seabra;BA;Bahia;0,82984095326903773;0,635;;78,2455477943490;3,083506387263231;0,10068592284941161;0,30205776854823485;74,7530048455100
2930006;0;0;0;Sem cluster relevante;Sebastião Laranjeiras;BA;Bahia;2,71908403275141186;0,615;;78,4794219289978;2,356267672007540;0,59692114357524340;0,00000000000000000;58,8752748978951
2930105;0;0;0;Sem cluster relevante;Senhor do Bonfim;BA;Bahia;3,20515341264839959;0,666;;95,8393753485778;63,253392823944978;0,10782673359360476;0,25655326268823203;91,3255251905559
2930154;0;0;0;Sem cluster relevante;Serra do Ramalho;BA;Bahia;0,22210966246407712;0,595;;89,4774073746573;3,236360420903705;3,14793527279158214;0,05305508886727386;38,3323017066054
2930204;0;0;0;Sem cluster relevante;Sento Sé;BA;Bahia;0,73251575058101326;0,585;;82,5670825499915;37,181678345581950;2,70893864296701414;0,12818321654418049;74,8675440095710
2930303;0;0;0;Sem cluster relevante;Serra Dourada;BA;Bahia;0,05694633561824589;0,608;;58,7995930824008;0,966429298067141;0,03390979993218040;0,00000000000000000;49,1861648016277
2930402;0;0;0;Sem cluster relevante;Serra Preta;BA;Bahia;0,96609941078887207;0,566;;58,2575887497856;20,768307322929171;0,84033613445378152;0,51449151089007039;69,5249528382782
2930501;0;0;0;Sem cluster relevante;Serrinha;BA;Bahia;0,72502186564941595;0,634;;93,9673969473575;57,425674038694495;0,07960405634582772;0,93794344650953521;80,6389090783235
2930600;0;0;0;Sem cluster relevante;Serrolândia;BA;Bahia;1,31860817218457727;0,590;;94,6923076923077;4,788461538461538;0,21153846153846154;0,00000000000000000;86,7500000000000
2930709;0;0;0;Sem cluster relevante;Simões Filho;BA;Bahia;1,59830041212308083;0,675;;94,1779359430605;71,957295373665474;0,60972716488730716;3,94306049822064075;94,2752075919336
2930758;0;0;0;Sem cluster relevante;Sítio do Mato;BA;Bahia;0,34215269791122965;0,564;;87,1193210184723;31,877184223664500;1,29805292061907140;0,09985022466300550;55,1672491263105
2930766;0;0;0;Sem cluster relevante;Sítio do Quinto;BA;Bahia;3,33294080761405986;0,533;;72,2710408123413;32,122632298379223;0,09763718023823471;0,03905487209529389;75,2782659636790
2930774;0;0;0;Sem cluster relevante;Sobradinho;BA;Bahia;1,08926611335438284;0,631;;92,0939147101102;83,696693818878771;2,49161475802587429;0,01197891710589363;90,3449928126497
2930808;0;0;0;Sem cluster relevante;Souto Soares;BA;Bahia;10,03737911191349852;0,592;;73,3321659954474;0,735422868149186;0,08755034144633164;0,01751006828926633;58,3435475398354
2930907;0;0;0;Sem cluster relevante;Tabocas do Brejo Velho;BA;Bahia;0,36921182358657861;0,584;;62,4393978055626;0,229650421025772;0,00000000000000000;0,05103342689461597;39,4743557029855
2931004;0;0;0;Sem cluster relevante;Tanhaçu;BA;Bahia;0,07603999663133645;0,577;;47,6060191518468;19,083447332421340;24,30916552667578401;0,88919288645690830;49,1244870041040
2931053;0;0;0;Sem cluster relevante;Tanque Novo;BA;Bahia;0,38723229777038837;0,599;;65,7818181818182;4,254545454545455;1,92727272727272703;0,01818181818181818;55,5090909090909
2931103;0;0;0;Sem cluster relevante;Tanquinho;BA;Bahia;1,30933188031316372;0,597;;82,1579961464355;49,942196531791907;0,11560693641618498;0,65510597302504814;83,0443159922929
2931202;0;0;0;Sem cluster relevante;Taperoá;BA;Bahia;0,14540936913401578;0,566;;59,7178186429930;31,880152187698162;5,26315789473684159;9,17882054533925107;60,5897273303741
2931301;0;0;0;Sem cluster relevante;Tapiramutá;BA;Bahia;0,69356250685890741;0,594;;80,0626713670192;1,370936153544849;6,03211907559733618;0,05875440658049354;81,4923619271445
2931350;0;0;0;Sem cluster relevante;Teixeira de Freitas;BA;Bahia;0,53221549926629852;0,685;;78,4418356456777;76,111068760481785;0,41164811709102000;1,04817807592620826;96,7334959597500
2931400;0;0;0;Sem cluster relevante;Teodoro Sampaio;BA;Bahia;0,66184233141230520;0,594;;85,1993865030675;25,383435582822084;0,26840490797546013;0,72852760736196309;84,1257668711656
2931509;0;0;0;Sem cluster relevante;Teofilândia;BA;Bahia;3,45576776385346474;0,566;;82,1733821733822;26,007326007326011;0,43413376746710081;0,18993352326685661;78,1169447836115
2931608;0;0;0;Sem cluster relevante;Teolândia;BA;Bahia;2,05133426302610200;0,555;;41,2249208025343;25,364308342133050;1,45723336853220697;4,94192185850052823;44,3928194297782
2931707;0;0;0;Sem cluster relevante;Terra Nova;BA;Bahia;2,31277507167113638;0,578;;84,3007915567282;68,443271767810018;0,15831134564643798;10,94986807387862804;90,8179419525066
2931806;0;0;0;Sem cluster relevante;Tremedal;BA;Bahia;12,87095036418801719;0,528;;38,3713022781367;10,030601836110167;22,27133628017680778;1,90411424685481134;34,9710982658960
2931905;0;0;0;Sem cluster relevante;Tucano;BA;Bahia;0,96146666676686710;0,579;;73,3076436418013;49,565767527463045;0,09202277563697014;0,27031690343359982;79,9160292172313
2932002;0;0;0;Sem cluster relevante;Uauá;BA;Bahia;0,78939169610892723;0,605;;54,4413919413919;13,679029304029305;0,48076923076923078;0,29761904761904762;59,6039377289377
2932101;0;0;0;Sem cluster relevante;Ubaíra;BA;Bahia;84,16836709464698174;0,582;;54,3132389432200;41,877098233834474;10,90351773463727802;9,58984089913881199;63,5527660195592
2932200;0;0;0;Sem cluster relevante;Ubaitaba;BA;Bahia;0,97276151599011684;0,611;;88,7263206530109;76,081934390882495;3,32665947943939644;7,42337902356383772;92,9000462036039
2932309;0;0;0;Sem cluster relevante;Ubatã;BA;Bahia;0,67951965178977458;0,593;;85,4657113613101;68,764926646195832;0,69941999317639036;16,08665984305697805;89,5769361992494
2932408;0;0;0;Sem cluster relevante;Uibaí;BA;Bahia;1,76801469201259742;0,617;;96,9019286007386;1,231021748050882;0,00000000000000000;0,04103405826836274;97,2302010668855
2932457;0;0;0;Sem cluster relevante;Umburanas;BA;Bahia;0,71881934400237579;0,515;;74,4035674470457;22,140468227424751;0,13377926421404682;0,04459308807134894;70,3901895206243
2932507;0;0;0;Sem cluster relevante;Una;BA;Bahia;0,79068898261969667;0,560;;67,5410781204958;35,831651772845206;7,04814067454597915;2,70971461516287127;76,1746901124243
2932606;0;0;0;Sem cluster relevante;Urandi;BA;Bahia;0,61923361614214423;0,598;;71,2950340798442;10,399221032132425;0,93476144109055492;2,33690360272638742;59,8442064264849
2932705;0;0;0;Sem cluster relevante;Uruçuca;BA;Bahia;0,58680857425462085;0,616;;71,0667006109980;58,617617107942976;2,40580448065173114;5,51171079429735222;78,0549898167006
2932804;0;0;0;Sem cluster relevante;Utinga;BA;Bahia;2,98970241606547615;0,590;;82,9733378332771;1,805602429969625;4,92743840701991243;0,01687478906513669;84,9983125210935
2932903;0;0;0;Sem cluster relevante;Valença;BA;Bahia;0,03294558698564611;0,623;;74,8776711056054;60,857850727779493;1,47104366676989784;5,11613502632393935;75,8501083926912
2933000;0;0;0;Sem cluster relevante;Valente;BA;Bahia;1,35775169686228558;0,637;;90,7084528801589;56,278967115427058;0,14345619068638268;0,05517545795630104;93,1472081218274
2933059;0;0;0;Sem cluster relevante;Várzea da Roça;BA;Bahia;1,67389301682025171;0,539;;75,4521963824289;16,895249453388988;1,51063406877360351;0,15901411250248459;77,4796263168356
2933109;0;0;0;Sem cluster relevante;Várzea do Poço;BA;Bahia;0,98800012407793569;0,575;;81,8012422360248;32,111801242236027;4,06832298136645942;0,15527950310559005;84,5652173913043
2933158;0;0;0;Sem cluster relevante;Várzea Nova;BA;Bahia;2,86717649503824523;0,555;;79,9794238683128;59,444444444444443;0,08230452674897119;0,00000000000000000;79,5884773662551
2933174;0;0;0;Sem cluster relevante;Varzedo;BA;Bahia;1,98064493513797024;0,586;;57,2059635560464;29,431253451131973;0,71783545002760907;0,74544450579790167;60,5742683600221
2933208;0;0;0;Sem cluster relevante;Vera Cruz;BA;Bahia;0,29160463416658677;0,645;;96,5798537675993;30,171007311620034;0,00000000000000000;2,09076077104356761;90,4284246782283
2933257;0;0;0;Sem cluster relevante;Vereda;BA;Bahia;3,97012800377573383;0,577;;59,4318686196183;40,612516644474034;8,47758544163337646;16,77762982689747062;74,8779405237461
2933307;1;0;1;Cluster de alto risco esporádico (1-2 anos);Vitória da Conquista;BA;Bahia;0,72707969169313091;0,678;;90,5230049348858;80,870926007700589;0,46869794934963316;0,13015083552188161;93,2034923807532
2933406;0;0;0;Sem cluster relevante;Wagner;BA;Bahia;1,01936453307939723;0,587;;85,4878048780488;0,792682926829268;6,28048780487804859;0,00000000000000000;77,7134146341463
2933455;0;0;0;Sem cluster relevante;Wanderley;BA;Bahia;0,38899266234032059;0,600;;64,7141848976711;3,246294989414256;5,55163490943307458;0,18819101387908727;58,5979769466008
2933505;0;0;0;Sem cluster relevante;Wenceslau Guimarães;BA;Bahia;0,62834414868274635;0,544;;46,0382349404833;28,664181796320786;4,66514368161596682;9,46254659131898457;53,9737886257064
2933604;0;0;0;Sem cluster relevante;Xique-Xique;BA;Bahia;0,06365951014866203;0,585;;81,0886768730124;20,619776643739367;2,25575031432586348;0,22187708009762588;74,0107980178981
3106655;0;0;0;Sem cluster relevante;Berizal;MG;Norte de Minas;1,54901067886053556;0,604;;83,4051724137931;17,959770114942529;1,36494252873563227;0,00000000000000000;82,6867816091954
3107307;0;0;0;Sem cluster relevante;Bocaiúva;MG;Norte de Minas;2,15976885500216298;0,700;;83,4194429597957;79,832531623017999;1,35399964368430425;0,06532454421283924;85,4029336658947
3108255;0;0;0;Sem cluster relevante;Bonito de Minas;MG;Norte de Minas;66,25727552091669281;0,537;;51,2331469911213;0,493258796448537;27,55672476159158180;0,06576783952647156;37,5534363696153
3108503;0;0;0;Sem cluster relevante;Botumirim;MG;Norte de Minas;0,00765086409998085;0,602;;62,5599232981783;26,270373921380635;7,71812080536912770;0,09587727708533077;57,9578139980825
3108602;0;1;1;Sem cluster relevante;Brasília de Minas;MG;Norte de Minas;1,62575722460305006;0,656;;59,3040565686639;54,540379605508008;4,23334573874209141;0,02791216970599181;68,2452549311500
3109402;0;0;0;Sem cluster relevante;Buritizeiro;MG;Norte de Minas;1,92211386979669441;0,624;;89,6526418786693;5,418297455968689;2,31164383561643838;0,00000000000000000;89,3835616438356
3111150;0;0;1;Sem cluster relevante;Campo Azul;MG;Norte de Minas;4,00432376544791246;0,621;;45,2194357366771;0,313479623824451;10,50156739811912310;0,00000000000000000;58,3072100313480
3112703;0;1;1;Sem cluster relevante;Capitão Enéas;MG;Norte de Minas;4,30283644619697991;0,639;;73,0811283621255;53,597200962169254;0,04373496610540127;0,06560244915810190;82,6153509731030
3115474;0;0;0;Sem cluster relevante;Catuti;MG;Norte de Minas;1,37658731999493478;0,621;;49,7079439252336;28,738317757009348;0,05841121495327102;0,00000000000000000;66,0046728971963
3116159;0;0;0;Sem cluster relevante;Chapada Gaúcha;MG;Norte de Minas;12,12997777387670517;0,635;;68,3153013910355;0,953116950025760;16,15146831530138982;0,02575991756826378;67,6197836166924
3116506;0;0;0;Sem cluster relevante;Claro dos Poções;MG;Norte de Minas;5,55645075918975184;0,670;;75,6882373972113;33,571683947086164;6,11369324276010051;0,03575259206292456;73,8291026099392
3117836;0;0;0;Sem cluster relevante;Cônego Marinho;MG;Norte de Minas;99,46386647013524396;0,621;;82,7222924568057;0,168563000421408;2,44416350611040878;0,00000000000000000;58,6177833965445
3118809;0;0;0;Sem cluster relevante;Coração de Jesus;MG;Norte de Minas;9,53772164449892479;0,642;;65,6804733727811;29,639591178052715;3,22754168908015027;0,48413125336202256;47,3480365788058
3120300;0;0;0;Sem cluster relevante;Cristália;MG;Norte de Minas;0,00000000000000000;0,583;;61,4849187935035;37,064965197215777;4,87238979118329407;0,00000000000000000;59,7447795823666
3120870;0;0;0;Sem cluster relevante;Curral de Dentro;MG;Norte de Minas;3,92700718543677896;0,585;;74,1909053666530;52,642359688652199;0,28676771814829988;0,12290045063498567;85,9074149938550
3123809;0;0;0;Sem cluster relevante;Engenheiro Navarro;MG;Norte de Minas;0,00213773934287958;0,655;;69,1503267973856;60,174291938997825;0,00000000000000000;0,00000000000000000;79,5206971677560
3124302;0;0;0;Sem cluster relevante;Espinosa;MG;Norte de Minas;1,00247523314604114;0,627;;83,5885582201676;14,061446595396321;1,27130887026870854;0,03852451122026389;64,1914668207647
3126604;0;0;0;Sem cluster relevante;Francisco Dumont;MG;Norte de Minas;0,57906305404309699;0,625;;72,0283855706682;37,315198107628625;9,10703725606150272;0,00000000000000000;76,6410408042578
3126703;0;1;1;Sem cluster relevante;Francisco Sá;MG;Norte de Minas;3,99184829032732313;0,654;;69,1893246460343;52,875579501315627;2,14258864803909299;0,10023806540533768;66,4202480892119
3127073;0;0;0;Sem cluster relevante;Fruta de Leite;MG;Norte de Minas;2,03736017153683724;0,544;;62,1822690638562;0,309981401115933;8,12151270923744484;0,24798512089274644;60,8183508989461
3127339;0;0;0;Sem cluster relevante;Gameleiras;MG;Norte de Minas;0,54373078332033864;0,650;;75,9015455065827;0,400686891814539;0,11448196908986834;0,05724098454493417;56,7258156840298
3127354;0;0;0;Sem cluster relevante;Glaucilândia;MG;Norte de Minas;6,11038805979178523;0,679;;49,4912118408881;43,200740055504163;1,57261794634597596;0,00000000000000000;59,3894542090657
3127800;0;0;0;Sem cluster relevante;Grão Mogol;MG;Norte de Minas;0,02690922497766545;0,604;;44,7242455775234;26,243496357960456;6,82622268470343396;0,14568158168574402;56,2955254942768
3128253;0;0;0;Sem cluster relevante;Guaraciama;MG;Norte de Minas;0,04061737014752709;0,677;;72,3209477652127;0,215401184706516;1,56165858912224009;0,05385029617662897;64,7280560043080
3129608;0;0;0;Sem cluster relevante;Ibiaí;MG;Norte de Minas;5,10781544163361723;0,614;;75,8355916892502;52,574525745257446;0,90334236675700086;0,72267389340560073;85,0045167118338
3129657;0;0;0;Sem cluster relevante;Ibiracatu;MG;Norte de Minas;0,37038400386060671;0,591;;83,5963923337091;0,676437429537768;0,00000000000000000;0,39458850056369782;67,0236753100338
3130051;1;0;1;Cluster de alto risco esporádico (1-2 anos);Icaraí de Minas;MG;Norte de Minas;3,50631126439188767;0,624;;72,7411477411477;21,245421245421245;1,83150183150183166;0,24420024420024419;54,5787545787546
3130655;0;0;0;Sem cluster relevante;Indaiabira;MG;Norte de Minas;5,33350637680978412;0,610;;57,1362372567192;19,833178869323447;9,22150139017608872;0,13901760889712697;51,7145505097312
3132008;0;0;0;Sem cluster relevante;Itacambira;MG;Norte de Minas;2,48110172268629725;0,628;;37,4056280027454;7,824296499656828;16,67810569663692633;0,13726835964310227;40,7000686341798
3132107;0;0;0;Sem cluster relevante;Itacarambi;MG;Norte de Minas;0,98388438002852008;0,641;;85,6259370314843;47,676161919040474;1,53673163418290848;0,26236881559220393;80,6034482758621
3135050;0;0;0;Sem cluster relevante;Jaíba;MG;Norte de Minas;0,33022644169847609;0,638;;86,7520661157025;27,628099173553718;1,03305785123966953;0,03305785123966942;74,9669421487603
3135100;0;0;1;Sem cluster relevante;Janaúba;MG;Norte de Minas;1,37650654572697362;0,696;;94,5444064725985;32,437106270844481;0,56408778358792766;0,05764400708197802;90,3446288137687
3135209;0;0;0;Sem cluster relevante;Januária;MG;Norte de Minas;72,95640352549773411;0,658;;77,2701845981727;24,477904158120456;6,76859966436695881;0,13052396046988626;60,7122878985642
3135357;0;0;0;Sem cluster relevante;Japonvar;MG;Norte de Minas;12,08814753175819590;0,608;;71,4335664335664;1,188811188811189;0,03496503496503497;0,38461538461538464;62,5874125874126
3135605;0;0;0;Sem cluster relevante;Jequitaí;MG;Norte de Minas;2,90695916612421934;0,643;;79,6348884381339;2,718052738336714;3,56997971602434072;0,08113590263691683;78,6612576064909
3136405;0;0;0;Sem cluster relevante;Joaquim Felício;MG;Norte de Minas;0,02632337198078910;0,637;;65,3898768809850;38,987688098495212;0,75239398084815323;0,13679890560875513;66,3474692202462
3136579;0;0;0;Sem cluster relevante;Josenópolis;MG;Norte de Minas;0,96158540098303502;0,564;;69,3993506493506;51,948051948051940;12,33766233766233711;0,00000000000000000;68,0194805194805
3136801;1;0;1;Cluster de alto risco esporádico (1-2 anos);Juramento;MG;Norte de Minas;7,09069153671056718;0,669;;72,8323699421965;54,913294797687861;8,74277456647398843;0,00000000000000000;79,7687861271676
3136959;0;0;0;Sem cluster relevante;Juvenília;MG;Norte de Minas;6,28384672053428073;0,592;;85,1851851851852;15,359477124183007;7,51633986928104569;0,05446623093681918;76,9063180827887
3137304;0;0;0;Sem cluster relevante;Lagoa dos Patos;MG;Norte de Minas;4,01324793565220883;0,634;;76,7827529021559;66,832504145936980;0,74626865671641784;0,00000000000000000;78,9386401326700
3138104;0;0;0;Sem cluster relevante;Lassance;MG;Norte de Minas;1,56068491725071357;0,629;;71,7136150234742;4,381846635367762;4,34272300469483596;0,00000000000000000;78,9123630672926
3138658;0;0;0;Sem cluster relevante;Lontra;MG;Norte de Minas;4,42851004743666721;0,646;;93,6591809775429;38,309114927344787;0,06605019815059446;0,00000000000000000;77,6750330250991
3138682;0;0;0;Sem cluster relevante;Luislândia;MG;Norte de Minas;59,40423274561897671;0,614;;44,3715295305401;0,403836446239273;3,12973245835436664;0,05047955577990913;50,4795557799091
3139250;0;0;0;Sem cluster relevante;Mamonas;MG;Norte de Minas;0,79099890182160115;0,618;;61,6071428571429;8,928571428571429;0,55272108843537415;0,08503401360544217;56,4625850340136
3139300;0;0;0;Sem cluster relevante;Manga;MG;Norte de Minas;2,01181111223237563;0,642;;79,1074055909760;27,023050514958314;7,65080922020598297;0,03269576589831617;72,6663397090077
3140852;0;0;0;Sem cluster relevante;Matias Cardoso;MG;Norte de Minas;0,00373451648465904;0,616;;72,7556325823224;8,110918544194108;8,73483535528596278;0,00000000000000000;61,6637781629116
3141009;0;0;0;Sem cluster relevante;Mato Verde;MG;Norte de Minas;2,21151112638269609;0,662;;76,5442764578834;24,298056155507560;6,69546436285097268;0,02159827213822894;76,4146868250540
3142007;0;0;0;Sem cluster relevante;Mirabela;MG;Norte de Minas;102,77206718584713485;0,665;;85,0407578761842;49,217889402952189;1,05750165234633164;0,02203128442388191;79,5329367702137
3142254;0;0;0;Sem cluster relevante;Miravânia;MG;Norte de Minas;29,77771433592141292;0,593;;70,2363367799114;0,147710487444609;1,55096011816839008;0,00000000000000000;49,7784342688331
3142700;0;0;0;Sem cluster relevante;Montalvânia;MG;Norte de Minas;2,62312021294087661;0,613;;72,9983319432861;17,243536280233528;20,66305254378648826;0,20850708924103420;69,1201000834028
3142908;0;0;0;Sem cluster relevante;Monte Azul;MG;Norte de Minas;1,07712665963311482;0,659;;72,7837453086580;17,328846900478840;4,08955610198006969;0,95768085932444669;68,8624304387214
3143302;0;0;0;Sem cluster relevante;Montes Claros;MG;Norte de Minas;8,01811144391709973;0,770;;92,0778745415996;93,689095768558744;0,16574929038585054;0,11947761348646727;96,2374911082412
3143450;0;0;0;Sem cluster relevante;Montezuma;MG;Norte de Minas;0,70205358633469939;0,587;;67,0930745478606;33,833259814733132;2,11733568592853993;0,04411116012351125;54,5655050727834
3144656;0;0;0;Sem cluster relevante;Ninheira;MG;Norte de Minas;0,01275697350415290;0,556;;73,4379716269242;7,123453063688499;11,01720495019619683;0,00000000000000000;58,0440688198008
3145059;0;0;0;Sem cluster relevante;Nova Porteirinha;MG;Norte de Minas;0,76173513048018582;0,641;;95,5634427684117;32,298136645962735;0,35492457852706299;0,13309671694764863;80,3904170363798
3145372;0;0;0;Sem cluster relevante;Novorizonte;MG;Norte de Minas;3,33732690388646525;0,616;;83,6835599505562;10,197775030902347;4,63535228677379418;0,00000000000000000;80,1606922126082
3145455;0;0;0;Sem cluster relevante;Olhos-D'água;MG;Norte de Minas;0,00297052430362233;0,626;;68,1420483787957;2,727740607308286;6,53628409675759148;0,00000000000000000;72,7740607308286
3146255;0;0;0;Sem cluster relevante;Padre Carvalho;MG;Norte de Minas;0,64082908273123229;0,599;;81,3683567501527;48,564447159437997;6,29199755650580350;0,00000000000000000;78,9248625534514
3146552;0;0;0;Sem cluster relevante;Pai Pedro;MG;Norte de Minas;0,67177659652694166;0,590;;35,3892821031345;0,252780586450961;3,33670374115267920;0,00000000000000000;38,9282103134479
3147956;0;0;0;Sem cluster relevante;Patis;MG;Norte de Minas;24,14159115326896554;0,614;;89,1148325358852;2,631578947368421;3,22966507177033524;0,23923444976076555;55,7416267942584
3149150;0;0;0;Sem cluster relevante;Pedras de Maria da Cruz;MG;Norte de Minas;17,21847283928046934;0,614;;59,1935945095796;20,102945381755791;3,23134114955676299;0,20017157563625965;62,6251072347727
3150570;0;0;0;Sem cluster relevante;Pintópolis;MG;Norte de Minas;1,72259638884980348;0,594;;50,3514938488576;2,284710017574692;9,88576449912126520;0,13181019332161686;43,4094903339192
3151206;0;0;0;Sem cluster relevante;Pirapora;MG;Norte de Minas;2,11067004377016998;0,731;;97,6672258335081;49,711679597399872;0,10484378276368211;0,39840637450199201;96,9542881107150
3152131;0;0;0;Sem cluster relevante;Ponto Chique;MG;Norte de Minas;0,66389643676451471;0,606;;70,6761006289308;39,701257861635220;1,41509433962264164;0,00000000000000000;70,3616352201258
3152204;0;0;0;Sem cluster relevante;Porteirinha;MG;Norte de Minas;0,16549631166193793;0,651;;79,3898156277436;28,563067017851917;8,17237342698273395;0,02926543751829090;62,9938542581212
3154507;0;0;0;Sem cluster relevante;Riacho dos Machados;MG;Norte de Minas;0,11285310142887378;0,627;;73,5240854762767;41,398044186888811;3,00615718942412169;0,00000000000000000;58,5657370517928
3155603;0;0;0;Sem cluster relevante;Rio Pardo de Minas;MG;Norte de Minas;1,85533262748765937;0,624;;48,0777537796976;20,464362850971924;11,18790496760259323;0,08639308855291576;46,6090712742981
3156502;0;0;0;Sem cluster relevante;Rubelita;MG;Norte de Minas;7,01892128065109500;0,582;;66,1792452830189;20,754716981132077;11,83962264150943433;1,88679245283018870;54,3396226415094
3157005;0;0;0;Sem cluster relevante;Salinas;MG;Norte de Minas;4,85580972795839116;0,679;;91,7203867848509;73,562986838571049;2,81359118990061763;1,21541767391888267;83,2728982003760
3157377;0;0;0;Sem cluster relevante;Santa Cruz de Salinas;MG;Norte de Minas;4,73392194281001455;0,577;;51,7525773195876;34,158075601374570;0,96219931271477666;0,13745704467353953;53,2646048109966
3157609;0;0;0;Sem cluster relevante;Santa Fé de Minas;MG;Norte de Minas;0,00589956009396966;0,615;;69,9838187702265;0,404530744336570;10,03236245954692585;0,00000000000000000;54,3689320388349
3160454;0;0;0;Sem cluster relevante;Santo Antônio do Retiro;MG;Norte de Minas;1,26950961506432702;0,570;;58,0835603996367;27,792915531335151;3,31516802906448671;0,00000000000000000;56,1307901907357
3161106;0;0;0;Sem cluster relevante;São Francisco;MG;Norte de Minas;4,25940237933983390;0,638;;78,2036509187943;41,106192006792405;2,26817878585723820;0,04851719328036874;67,2569591849112
3162252;0;0;0;Sem cluster relevante;São João da Lagoa;MG;Norte de Minas;8,04246755874350150;0,634;;59,9567099567100;0,595238095238095;5,84415584415584366;0,10822510822510822;58,0627705627706
3162401;0;0;0;Sem cluster relevante;São João da Ponte;MG;Norte de Minas;3,91027923039036995;0,569;;88,7552235025959;15,588198049892366;0,34190198809674560;0,11396732936558188;38,2043814106623
3162450;0;0;0;Sem cluster relevante;São João das Missões;MG;Norte de Minas;1,91466769114434698;0,529;;59,6388888888889;0,472222222222222;0,83333333333333337;0,00000000000000000;24,1388888888889
3162658;0;0;0;Sem cluster relevante;São João do Pacuí;MG;Norte de Minas;0,09155222807807445;0,625;;48,0528511821975;1,112656467315716;7,30180806675938854;0,00000000000000000;56,1196105702364
3162708;0;0;0;Sem cluster relevante;São João do Paraíso;MG;Norte de Minas;0,98287817639334085;0,615;;72,4980504289056;41,590850012997137;4,12009357941252929;0,10397712503249285;63,5300233948531
3164209;0;0;0;Sem cluster relevante;São Romão;MG;Norte de Minas;1,44557956870515358;0,640;;73,1055480378890;48,680649526387008;4,33017591339648167;0,43978349120433019;70,2976995940460
3166956;0;0;0;Sem cluster relevante;Serranópolis de Minas;MG;Norte de Minas;0,10917974873323344;0,633;;68,0865006553080;0,131061598951507;7,86369593709043269;0,00000000000000000;53,4076015727392
3168002;0;0;0;Sem cluster relevante;Taiobeiras;MG;Norte de Minas;4,68137514005731603;0,670;;78,1878622570747;60,441527446300711;1,11660415956358694;0,22161609273781110;93,8288441868394
3170008;0;0;0;Sem cluster relevante;Ubaí;MG;Norte de Minas;281,10935877600303456;0,609;;62,4235686492496;3,585325180655920;2,00111172873818788;0,02779321845469705;59,9777654252362
3170651;0;0;0;Sem cluster relevante;Vargem Grande do Rio Pardo;MG;Norte de Minas;4,04200011308545992;0,634;;76,7441860465116;0,281888653981677;0,49330514446793516;0,00000000000000000;67,6532769556025
3170800;0;0;0;Sem cluster relevante;Várzea da Palma;MG;Norte de Minas;1,51648374777100936;0,666;;92,2543886664614;51,709270095472746;0,47736372035725283;0,01539882968894364;91,1225746843240
3170909;0;0;0;Sem cluster relevante;Varzelândia;MG;Norte de Minas;13,55149727927106085;0,594;;71,3741064336775;15,011914217633043;0,07942811755361398;0,00000000000000000;57,4583002382844
3171030;0;0;0;Sem cluster relevante;Verdelândia;MG;Norte de Minas;0,51473571622116920;0,584;;66,0174880763116;23,012718600953896;0,83465818759936405;0,15898251192368840;64,2686804451510
