code_muni;name_muni;abbrev_state;casos_sinan;pessoa_ano;inc_sinan_bruta;cook
3143302;Montes Claros;MG;269;3355433,6803059899;8,0168474668070111;17,46002483303584540
3135209;Januária;MG;393;536651,4063532156;73,2318960404127921;16,00849763020239891
2902005;Aracatu;BA;248;109343,9175775272;226,8073117319603966;13,55517056926059638
3170008;Ubaí;MG;276;97770,7361902721;282,2930569560968479;11,70985026997851897
2927408;Salvador;BA;71;21559658,8356539421;0,3293187547225232;8,21523599049725028
2932101;Ubaíra;BA;132;155368,0991951663;84,9595255935954299;5,24262829318422430
2925758;Presidente Tancredo Neves;BA;130;226510,1583232541;57,3925694822375903;4,10612745067790463
3142007;Mirabela;MG;116;110006,7094412737;105,4481136552182221;1,66223022639011320
3155603;Rio Pardo de Minas;MG;2;239099,8378924813;0,8364706633131898;1,24333390150987211
3117836;Cônego Marinho;MG;62;60070,9287660293;103,2113224709480050;0,59527212821797437
2925006;Planalto;BA;57;200442,3990338817;28,4370972781886451;0,55692133719722126
2918456;Jucuruçu;BA;42;75569,4345688482;55,5780260096236631;0,54903033838147830
2903235;Barro Alto;BA;49;114924,0834427279;42,6368421066581789;0,46548355898414989
2903201;Barreiras;BA;36;1291822,0317303585;2,7867615751822283;0,40941274769925945
2910404;Encruzilhada;BA;43;144370,8148283052;29,7844131801419145;0,40574003648297352
3152204;Porteirinha;MG;0;304389,0299621414;0,0000000000000000;0,40297001583921122
2924702;Piripá;BA;41;79140,3559096668;51,8066914518284634;0,36751631039857269
2910727;Eunápolis;BA;1;927809,0627055356;0,1077807967389273;0,33025770962762363
3135100;Janaúba;MG;8;576818,4232878158;1,3869182531308002;0,32132123655669143
3142908;Monte Azul;MG;2;164965,1210635964;1,2123774935605764;0,28627747470697640
2920700;Maraú;BA;0;183396,4786950708;0,0000000000000000;0,27898034737476368
3108255;Bonito de Minas;MG;58;86755,5049171206;66,8545472191172934;0,26603445572900458
2918209;Jiquiriçá;BA;36;113789,7760345890;31,6372887394180005;0,24639975578316975
3127800;Grão Mogol;MG;0;119472,6775827396;0,0000000000000000;0,21774263496099364
3142700;Montalvânia;MG;2;115654,9114100692;1,7292823760062774;0,20026660206663113
2913606;Ilhéus;BA;6;1385324,2392918747;0,4331116015891683;0,17431685857242002
3109402;Buritizeiro;MG;4;208223,8699191937;1,9210093451592731;0,16522018044347947
3108602;Brasília de Minas;MG;4;260576,3143906807;1,5350589363248195;0,16488649540027828
3116159;Chapada Gaúcha;MG;12;105896,4431559464;11,3318253591656717;0,15922928106956008
2917300;Ituberá;BA;0;203123,6085485694;0,0000000000000000;0,15754475809325091
2907301;Castro Alves;BA;26;205901,6299346935;12,6273891120951784;0,15697042714096146
2901205;Anagé;BA;7;188001,6817848543;3,7233709472932652;0,15143608280559598
3162450;São João das Missões;MG;2;105551,6478358495;1,8948069888120891;0,15024945141909132
3132008;Itacambira;MG;1;38604,4950393302;2,5903719216666388;0,14959040261729312
2906006;Campo Formoso;BA;42;579856,3558954054;7,2431731709044103;0,14631216454810314
2905909;Campo Alegre de Lourdes;BA;0;242361,4573303954;0,0000000000000000;0,14310875770808404
2919207;Lauro de Freitas;BA;4;1651212,4665534119;0,2422462330574108;0,14070936708664894
3124302;Espinosa;MG;2;250567,4117572058;0,7981883940829287;0,13990153983265424
2914802;Itabuna;BA;1;1625126,1969423962;0,0615336828537658;0,11659974388097337
2929305;São Gonçalo dos Campos;BA;30;315232,3694476138;9,5167891712927286;0,11514735377579756
3146552;Pai Pedro;MG;0;46758,3460193375;0,0000000000000000;0,11055811366807849
2909307;Correntina;BA;2;262860,8732095944;0,7608587674458810;0,11018787364324077
3135050;Jaíba;MG;1;311747,9096337554;0,3207719984954543;0,10921493788628453
2912806;Ibirapuã;BA;22;71175,6853184759;30,9094319240635258;0,10239408928873593
3107307;Bocaiúva;MG;1;397038,1507583203;0,2518649651400141;0,10077041720039992
3144656;Ninheira;MG;0;84457,2567411202;0,0000000000000000;0,10073281850068055
2906204;Canarana;BA;23;203785,3841963973;11,2863835111127724;0,09863215899252931
2905206;Caetité;BA;36;418691,6258691369;8,5982135241586821;0,08642220716920838
2921500;Monte Santo;BA;1;393606,8079457596;0,2540606462624507;0,08633792132060672
2933505;Wenceslau Guimarães;BA;1;184555,4211092049;0,5418426584219822;0,08518364328994624
2922102;Mundo Novo;BA;0;176753,9096823870;0,0000000000000000;0,07884726617638509
2921203;Miguel Calmon;BA;21;204074,8472801192;10,2903421366645826;0,07245072377589647
3151206;Pirapora;MG;12;453549,2095070902;2,6457989008604823;0,07152430163241770
2923001;Nova Viçosa;BA;0;337485,1378431399;0,0000000000000000;0,07098628347262487
3150570;Pintópolis;MG;1;58761,1226061875;1,7018054721349063;0,07062998636916962
2905800;Camamu;BA;1;266443,1486417790;0,3753145859060747;0,06641884375146007
2908507;Conceição do Jacuípe;BA;3;279773,3208719292;1,0722966688354458;0,06059145281851498
3126703;Francisco Sá;MG;1;199980,8781026164;0,5000478093144830;0,06049188737780951
2913457;Igrapiúna;BA;0;106165,1680901089;0,0000000000000000;0,05987311946523278
2914604;Irecê;BA;22;601080,9018458052;3,6600730338365732;0,05740587566135022
2923803;Paripiranga;BA;19;225684,6892886634;8,4188254240401434;0,05712472593607661
2925303;Porto Seguro;BA;5;1305012,3800632930;0,3831381277591788;0,05627328026695370
3162708;São João do Paraíso;MG;1;192122,5179296560;0,5205011941214208;0,05592966479656054
3161106;São Francisco;MG;18;440307,4027744441;4,0880530026475270;0,05466331498554880
2931004;Tanhaçu;BA;0;167499,3403342109;0,0000000000000000;0,05461032190122352
2908101;Cocos;BA;20;153479,1541495877;13,0310856290666646;0,05319876933951241
3162401;São João da Ponte;MG;5;197025,9039169834;2,5377373739174640;0,05125712371826402
3139300;Manga;MG;3;149536,4011304658;2,0062004818362555;0,05124530097944306
2905404;Cairu;BA;18;146126,8743373126;12,3180626983436490;0,04781981607642950
3138682;Luislândia;MG;31;51963,2176545403;59,6575835740059404;0,04721904245404755
2932903;Valença;BA;0;741076,2832345631;0,0000000000000000;0,04719289962022483
2922508;Nazaré;BA;0;225844,3688429094;0,0000000000000000;0,04716441148766207
3140852;Matias Cardoso;MG;0;80553,9104640170;0,0000000000000000;0,04624728823952731
2905156;Caetanos;BA;3;104925,3986927185;2,8591742679822580;0,04605852893439214
2916302;Itapebi;BA;2;78428,0684444792;2,5501074292245778;0,04266798238583281
2929503;São Sebastião do Passé;BA;21;346221,3393690812;6,0654840161696217;0,04245745057575340
2909000;Cordeiros;BA;18;65218,7309856044;27,5994330585382244;0,04212004484408959
2930105;Senhor do Bonfim;BA;20;623658,9511215901;3,2068809345287104;0,04208987407641413
2924405;Pilão Arcado;BA;1;286322,8746623366;0,3492560631697030;0,04080485387805938
2920601;Maragogipe;BA;7;325587,6165268907;2,1499589187913299;0,04027227820626827
2928703;Santo Antônio de Jesus;BA;25;835929,5534547125;2,9906826354781351;0,03901701871975196
3162658;São João do Pacuí;MG;0;33817,8005932499;0,0000000000000000;0,03799983241880653
3111150;Campo Azul;MG;1;30360,7424073505;3,2937270985767979;0,03756178513365037
2907202;Casa Nova;BA;0;586930,9916201114;0,0000000000000000;0,03648365373912896
3170800;Várzea da Palma;MG;2;295696,5714237960;0,6763690192178708;0,03572634760115313
2923704;Paratinga;BA;2;248824,0982036917;0,8037806685278390;0,03484382225524561
2931202;Taperoá;BA;0;158113,6036229347;0,0000000000000000;0,03429918166554331
2905701;Camaçari;BA;10;2457504,0087154591;0,4069169354163948;0,03177010409665821
3118809;Coração de Jesus;MG;20;209852,0932803715;9,5305220392913270;0,03105628926540502
3141009;Mato Verde;MG;3;98369,5880635322;3,0497230486138087;0,03072536693932656
3127073;Fruta de Leite;MG;0;39759,9567752465;0,0000000000000000;0,02876271421145905
3128253;Guaraciama;MG;0;40524,4366766790;0,0000000000000000;0,02843398307325838
2922904;Nova Soure;BA;14;204060,7162057768;6,8607031575260473;0,02763130917423442
2902708;Barra;BA;1;425501,8179589918;0,2350166222077989;0,02757178235964682
2928406;Santa Rita de Cássia;BA;0;226828,8280894417;0,0000000000000000;0,02456820109837559
3145455;Olhos-D'água;MG;0;46415,0821710609;0,0000000000000000;0,02420164018462221
2930808;Souto Soares;BA;14;137865,2325599307;10,1548445101371918;0,02407403173491980
2904050;Bonito;BA;11;132062,1624464386;8,3294107836991884;0,02391166488064393
2929909;Seabra;BA;2;367377,1679692772;0,5443996454802152;0,02253834070443969
2910800;Feira de Santana;BA;64;5040296,1338750646;1,2697666625154369;0,02222452006049105
3127339;Gameleiras;MG;0;39741,8731342072;0,0000000000000000;0,02175662442531300
2926400;Riacho de Santana;BA;1;268284,2871415897;0,3727389369889709;0,02129142264353818
2918803;Laje;BA;6;181560,5142160370;3,3046833040253789;0,02095438967104936
3139250;Mamonas;MG;0;50415,2973793885;0,0000000000000000;0,02049996913859744
3166956;Serranópolis de Minas;MG;0;37017,2355458195;0,0000000000000000;0,02019319419595648
2911105;Formosa do Rio Preto;BA;2;210406,1365526165;0,9505426185608696;0,01994463762592717
2902807;Barra da Estiva;BA;12;190144,7066941733;6,3109829395885688;0,01963037835010152
3138104;Lassance;MG;2;55151,0546959260;3,6264039029297832;0,01894915907369323
3135605;Jequitaí;MG;2;55797,9888751449;3,5843585769287358;0,01817735713642814
2923407;Palmas de Monte Alto;BA;1;168885,2989180527;0,5921178494554606;0,01809924999595508
3171030;Verdelândia;MG;0;68489,8445133936;0,0000000000000000;0,01748287982791237
2920502;Maracás;BA;1;197039,5551764584;0,5075123109694659;0,01747217068894514
2916203;Itapé;BA;8;76741,3035772453;10,4246339677400250;0,01736249481567799
2928059;Santa Luzia;BA;11;106904,4540750607;10,2895619225337267;0,01734044964691460
3164209;São Romão;MG;1;91581,3213791199;1,0919257168831316;0,01691970261775098
2904100;Boquira;BA;1;164517,8585363234;0,6078367472666883;0,01684949448651402
2925501;Prado;BA;3;258615,6634522467;1,1600225446336700;0,01650104811885623
3132107;Itacarambi;MG;0;142228,7947465408;0,0000000000000000;0,01600054932871749
2914653;Itabela;BA;1;238816,5349110010;0,4187314753447313;0,01547614775719898
2926202;Riachão das Neves;BA;0;177619,8627384249;0,0000000000000000;0,01526870954096714
2922003;Mucuri;BA;6;325022,8127272427;1,8460242681596524;0,01455775122346441
2919553;Luís Eduardo Magalhães;BA;12;810258,1771745482;1,4810094286052389;0,01438543860865085
3157609;Santa Fé de Minas;MG;0;29481,4702741575;0,0000000000000000;0,01400736916573144
2931608;Teolândia;BA;2;122773,7432930327;1,6290128054713284;0,01370343604723967
2929206;São Francisco do Conde;BA;2;320641,3223107732;0,6237499226820029;0,01350106373054504
2904753;Buritirama;BA;0;164811,0619156741;0,0000000000000000;0,01333578630305058
2930154;Serra do Ramalho;BA;0;267532,7078035528;0,0000000000000000;0,01311611623910114
2919926;Madre de Deus;BA;9;160752,5300429800;5,5986677146503974;0,01307205721552979
2900900;Almadina;BA;5;42782,2183186966;11,6870985107728949;0,01288151868720824
2926905;Rio do Pires;BA;0;89361,9151480466;0,0000000000000000;0,01284303108551897
3115474;Catuti;MG;0;39006,8858955344;0,0000000000000000;0,01253518006858275
3130051;Icaraí de Minas;MG;3;91462,8604771416;3,2800198729294716;0,01222560897975060
3129657;Ibiracatu;MG;0;42526,9177097092;0,0000000000000000;0,01215814760033356
3112703;Capitão Enéas;MG;1;118253,7471564498;0,8456391649703913;0,01203001924985330
2910701;Euclides da Cunha;BA;1;496150,5406918459;0,2015517303690877;0,01202632886433364
2930709;Simões Filho;BA;20;1012995,2667146152;1,9743428875896687;0,01196705243155919
3156502;Rubelita;MG;6;45936,2455946385;13,0615811595632376;0,01194930280529017
2917003;Itiúba;BA;0;283933,0514535844;0,0000000000000000;0,01191264400001781
2912707;Ibirapitanga;BA;1;198668,9166313567;0,5033500040952887;0,01161814946756767
3160454;Santo Antônio do Retiro;MG;1;55932,7570251992;1,7878610910409327;0,01144711776824600
2922201;Muniz Ferreira;BA;1;59129,4063455149;1,6912058852014025;0,01101688535745433
3162252;São João da Lagoa;MG;5;39311,5808252448;12,7188983374312379;0,01099612107317765
3130655;Indaiabira;MG;4;54796,4786050721;7,2997391471607296;0,01095655219848346
2924207;Pedro Alexandre;BA;1;124121,0124645838;0,8056653584624410;0,01063567151049647
2931350;Teixeira de Freitas;BA;6;1247164,8316265740;0,4810911795977037;0,01060881140798543
2906808;Cansanção;BA;0;294631,9453654473;0,0000000000000000;0,01059273727863933
2903607;Biritinga;BA;7;125656,2796904440;5,5707522276201367;0,01030225920198065
2903508;Belo Campo;BA;4;143902,3505628366;2,7796627256990871;0,01017669086887084
2930766;Sítio do Quinto;BA;6;97565,5290689401;6,1497129747130082;0,01007253612252431
2928604;Santo Amaro;BA;3;469924,9034614571;0,6383998757891021;0,01001815914094995
2933604;Xique-Xique;BA;0;370617,5428829031;0,0000000000000000;0,00995084735002361
3108503;Botumirim;MG;0;48468,4440931024;0,0000000000000000;0,00993535516289399
2917201;Ituaçu;BA;3;149090,1978177261;2,0122047216462366;0,00993472293788370
2909406;Cotegipe;BA;0;108366,9238653025;0,0000000000000000;0,00983995008290830
2916856;Itatim;BA;8;122664,8307472544;6,5218367410326863;0,00953282101185820
2900702;Alagoinhas;BA;3;1236475,4613881628;0,2426251141799424;0,00930326490615568
2933208;Vera Cruz;BA;0;350264,3620114889;0,0000000000000000;0,00925049294337550
2928109;Santa Maria da Vitória;BA;0;318316,5248927802;0,0000000000000000;0,00921664489267769
2911600;Governador Mangabeira;BA;1;167191,5018550330;0,5981165244074855;0,00891660387274499
2920452;Mansidão;BA;0;111888,6899395684;0,0000000000000000;0,00873817615179824
3143450;Montezuma;MG;0;60874,3507051065;0,0000000000000000;0,00867893204451308
2922607;Nilo Peçanha;BA;3;105265,2129648928;2,8499443600617944;0,00848233383284564
2919504;Livramento de Nossa Senhora;BA;1;365142,7350916514;0,2738655062516849;0,00833738796148988
2910503;Entre Rios;BA;1;324228,5677842164;0,3084243954300564;0,00828067164158739
2930303;Serra Dourada;BA;0;138961,0934989683;0,0000000000000000;0,00801890537727228
2900355;Adustina;BA;6;125800,4165910702;4,7694595634796197;0,00799113848685811
2932002;Uauá;BA;2;197434,9953093808;1,0129916415608078;0,00796233976548835
